0 verbose cli /usr/local/bin/node /usr/local/bin/npm
1 info using npm@10.9.3
2 info using node@v22.18.0
3 silly config load:file:/usr/local/lib/node_modules/npm/npmrc
4 silly config load:file:/Users/xodn/Documents/capstoneDesign/capstone-design/.npmrc
5 silly config load:file:/Users/xodn/.npmrc
6 silly config load:file:/usr/local/etc/npmrc
7 verbose title npm install @uiw/react-md-editor
8 verbose argv "install" "@uiw/react-md-editor" "--cache" ".npm-cache"
9 verbose logfile logs-max:10 dir:/Users/xodn/Documents/capstoneDesign/capstone-design/.npm-cache/_logs/2026-05-25T15_55_28_223Z-
10 verbose logfile /Users/xodn/Documents/capstoneDesign/capstone-design/.npm-cache/_logs/2026-05-25T15_55_28_223Z-debug-0.log
11 silly logfile done cleaning log files
12 silly packumentCache heap:4345298944 maxSize:1086324736 maxEntrySize:543162368
13 silly idealTree buildDeps
14 silly fetch manifest @uiw/react-md-editor@*
15 silly packumentCache full:https://registry.npmjs.org/@uiw%2freact-md-editor cache-miss
16 http fetch GET 200 https://registry.npmjs.org/@uiw%2freact-md-editor 118ms (cache miss)
17 silly packumentCache full:https://registry.npmjs.org/@uiw%2freact-md-editor set size:undefined disposed:false
18 silly fetch manifest react@19.2.4
19 silly packumentCache full:https://registry.npmjs.org/react cache-miss
20 http fetch GET 200 https://registry.npmjs.org/npm 242ms
21 http fetch GET 200 https://registry.npmjs.org/react 159ms (cache miss)
22 silly packumentCache full:https://registry.npmjs.org/react set size:undefined disposed:false
23 silly fetch manifest react-dom@19.2.4
24 silly packumentCache full:https://registry.npmjs.org/react-dom cache-miss
25 http fetch GET 200 https://registry.npmjs.org/react-dom 191ms (cache miss)
26 silly packumentCache full:https://registry.npmjs.org/react-dom set size:undefined disposed:false
27 silly placeDep ROOT @uiw/react-md-editor@4.1.1 OK for: capstone-design@0.1.0 want: *
28 silly fetch manifest @uiw/react-markdown-preview@^5.2.0
29 silly packumentCache full:https://registry.npmjs.org/@uiw%2freact-markdown-preview cache-miss
30 silly fetch manifest rehype@~13.0.0
31 silly packumentCache full:https://registry.npmjs.org/rehype cache-miss
32 silly fetch manifest rehype-prism-plus@~2.0.0
33 silly packumentCache full:https://registry.npmjs.org/rehype-prism-plus cache-miss
34 http fetch GET 200 https://registry.npmjs.org/rehype 36ms (cache miss)
35 silly packumentCache full:https://registry.npmjs.org/rehype set size:undefined disposed:false
36 http fetch GET 200 https://registry.npmjs.org/@uiw%2freact-markdown-preview 55ms (cache miss)
37 silly packumentCache full:https://registry.npmjs.org/@uiw%2freact-markdown-preview set size:undefined disposed:false
38 http fetch GET 200 https://registry.npmjs.org/rehype-prism-plus 63ms (cache miss)
39 silly packumentCache full:https://registry.npmjs.org/rehype-prism-plus set size:undefined disposed:false
40 silly fetch manifest react@>=16.8.0
41 silly packumentCache full:https://registry.npmjs.org/react cache-miss
42 http cache https://registry.npmjs.org/react 8ms (cache hit)
43 silly packumentCache full:https://registry.npmjs.org/react set size:6650647 disposed:false
44 silly fetch manifest react-dom@>=16.8.0
45 silly packumentCache full:https://registry.npmjs.org/react-dom cache-miss
46 http cache https://registry.npmjs.org/react-dom 10ms (cache hit)
47 silly packumentCache full:https://registry.npmjs.org/react-dom set size:8868827 disposed:false
48 silly placeDep ROOT @uiw/react-markdown-preview@5.2.1 OK for: @uiw/react-md-editor@4.1.1 want: ^5.2.0
49 silly placeDep ROOT rehype@13.0.2 OK for: @uiw/react-md-editor@4.1.1 want: ~13.0.0
50 silly placeDep ROOT rehype-prism-plus@2.0.2 OK for: @uiw/react-md-editor@4.1.1 want: ~2.0.0
51 silly fetch manifest @uiw/copy-to-clipboard@~1.0.12
52 silly packumentCache full:https://registry.npmjs.org/@uiw%2fcopy-to-clipboard cache-miss
53 silly fetch manifest react-markdown@~10.1.0
54 silly packumentCache full:https://registry.npmjs.org/react-markdown cache-miss
55 silly fetch manifest rehype-attr@~4.0.0
56 silly packumentCache full:https://registry.npmjs.org/rehype-attr cache-miss
57 silly fetch manifest rehype-autolink-headings@~7.1.0
58 silly packumentCache full:https://registry.npmjs.org/rehype-autolink-headings cache-miss
59 silly fetch manifest rehype-ignore@^2.0.0
60 silly packumentCache full:https://registry.npmjs.org/rehype-ignore cache-miss
61 silly fetch manifest rehype-raw@^7.0.0
62 silly packumentCache full:https://registry.npmjs.org/rehype-raw cache-miss
63 silly fetch manifest rehype-rewrite@~4.0.0
64 silly packumentCache full:https://registry.npmjs.org/rehype-rewrite cache-miss
65 http fetch GET 200 https://registry.npmjs.org/rehype-attr 46ms (cache miss)
66 silly packumentCache full:https://registry.npmjs.org/rehype-attr set size:undefined disposed:false
67 silly fetch manifest rehype-slug@~6.0.0
68 silly packumentCache full:https://registry.npmjs.org/rehype-slug cache-miss
69 http fetch GET 200 https://registry.npmjs.org/react-markdown 48ms (cache miss)
70 silly packumentCache full:https://registry.npmjs.org/react-markdown set size:undefined disposed:false
71 silly fetch manifest remark-gfm@~4.0.0
72 silly packumentCache full:https://registry.npmjs.org/remark-gfm cache-miss
73 http fetch GET 200 https://registry.npmjs.org/rehype-ignore 64ms (cache miss)
74 silly packumentCache full:https://registry.npmjs.org/rehype-ignore set size:undefined disposed:false
75 silly fetch manifest remark-github-blockquote-alert@^1.0.0
76 silly packumentCache full:https://registry.npmjs.org/remark-github-blockquote-alert cache-miss
77 http fetch GET 200 https://registry.npmjs.org/@uiw%2fcopy-to-clipboard 64ms (cache miss)
78 silly packumentCache full:https://registry.npmjs.org/@uiw%2fcopy-to-clipboard set size:undefined disposed:false
79 silly fetch manifest unist-util-visit@^5.0.0
80 silly packumentCache full:https://registry.npmjs.org/unist-util-visit cache-miss
81 http fetch GET 200 https://registry.npmjs.org/rehype-autolink-headings 71ms (cache miss)
82 silly packumentCache full:https://registry.npmjs.org/rehype-autolink-headings set size:undefined disposed:false
83 silly fetch manifest @types/hast@^3.0.0
84 silly packumentCache full:https://registry.npmjs.org/@types%2fhast cache-miss
85 http fetch GET 200 https://registry.npmjs.org/rehype-slug 24ms (cache miss)
86 silly packumentCache full:https://registry.npmjs.org/rehype-slug set size:undefined disposed:false
87 silly fetch manifest rehype-parse@^9.0.0
88 silly packumentCache full:https://registry.npmjs.org/rehype-parse cache-miss
89 http fetch GET 200 https://registry.npmjs.org/rehype-rewrite 72ms (cache miss)
90 silly packumentCache full:https://registry.npmjs.org/rehype-rewrite set size:undefined disposed:false
91 silly fetch manifest rehype-stringify@^10.0.0
92 silly packumentCache full:https://registry.npmjs.org/rehype-stringify cache-miss
93 http fetch GET 200 https://registry.npmjs.org/rehype-raw 73ms (cache miss)
94 silly packumentCache full:https://registry.npmjs.org/rehype-raw set size:undefined disposed:false
95 silly fetch manifest unified@^11.0.0
96 silly packumentCache full:https://registry.npmjs.org/unified cache-miss
97 http fetch GET 200 https://registry.npmjs.org/remark-gfm 26ms (cache miss)
98 silly packumentCache full:https://registry.npmjs.org/remark-gfm set size:undefined disposed:false
99 silly fetch manifest hast-util-to-string@^3.0.1
100 silly packumentCache full:https://registry.npmjs.org/hast-util-to-string cache-miss
101 http fetch GET 200 https://registry.npmjs.org/remark-github-blockquote-alert 24ms (cache miss)
102 silly packumentCache full:https://registry.npmjs.org/remark-github-blockquote-alert set size:undefined disposed:false
103 silly fetch manifest parse-numeric-range@^1.3.0
104 silly packumentCache full:https://registry.npmjs.org/parse-numeric-range cache-miss
105 http fetch GET 200 https://registry.npmjs.org/unist-util-visit 34ms (cache miss)
106 silly packumentCache full:https://registry.npmjs.org/unist-util-visit set size:undefined disposed:false
107 silly fetch manifest refractor@^5.0.0
108 silly packumentCache full:https://registry.npmjs.org/refractor cache-miss
109 http fetch GET 200 https://registry.npmjs.org/rehype-stringify 29ms (cache miss)
110 silly packumentCache full:https://registry.npmjs.org/rehype-stringify set size:undefined disposed:false
111 silly fetch manifest rehype-parse@^9.0.1
112 silly packumentCache full:https://registry.npmjs.org/rehype-parse cache-miss
113 http fetch GET 200 https://registry.npmjs.org/rehype-parse 32ms (cache miss)
114 silly packumentCache full:https://registry.npmjs.org/rehype-parse set size:undefined disposed:false
115 silly fetch manifest unist-util-filter@^5.0.1
116 silly packumentCache full:https://registry.npmjs.org/unist-util-filter cache-miss
117 http fetch GET 200 https://registry.npmjs.org/@types%2fhast 34ms (cache miss)
118 silly packumentCache full:https://registry.npmjs.org/@types%2fhast set size:undefined disposed:false
119 silly fetch manifest unist-util-visit@^5.1.0
120 silly packumentCache full:https://registry.npmjs.org/unist-util-visit cache-miss
121 http cache https://registry.npmjs.org/unist-util-visit 2ms (cache hit)
122 silly packumentCache full:https://registry.npmjs.org/unist-util-visit set size:90557 disposed:false
123 http fetch GET 200 https://registry.npmjs.org/unified 36ms (cache miss)
124 silly packumentCache full:https://registry.npmjs.org/unified set size:undefined disposed:false
125 http fetch GET 200 https://registry.npmjs.org/rehype-parse 28ms (cache miss)
126 silly packumentCache full:https://registry.npmjs.org/rehype-parse set size:undefined disposed:false
127 http fetch GET 200 https://registry.npmjs.org/refractor 37ms (cache miss)
128 silly packumentCache full:https://registry.npmjs.org/refractor set size:undefined disposed:false
129 http fetch GET 200 https://registry.npmjs.org/parse-numeric-range 217ms (cache miss)
130 silly packumentCache full:https://registry.npmjs.org/parse-numeric-range set size:undefined disposed:false
131 http fetch GET 200 https://registry.npmjs.org/unist-util-filter 205ms (cache miss)
132 silly packumentCache full:https://registry.npmjs.org/unist-util-filter set size:undefined disposed:false
133 http fetch GET 200 https://registry.npmjs.org/hast-util-to-string 246ms (cache miss)
134 silly packumentCache full:https://registry.npmjs.org/hast-util-to-string set size:undefined disposed:false
135 silly fetch manifest @types/react@>=18
136 silly packumentCache full:https://registry.npmjs.org/@types%2freact cache-miss
137 http fetch GET 200 https://registry.npmjs.org/@types%2freact 91ms (cache miss)
138 silly packumentCache full:https://registry.npmjs.org/@types%2freact set size:undefined disposed:false
139 silly placeDep ROOT @uiw/copy-to-clipboard@1.0.21 OK for: @uiw/react-markdown-preview@5.2.1 want: ~1.0.12
140 silly placeDep ROOT react-markdown@10.1.0 OK for: @uiw/react-markdown-preview@5.2.1 want: ~10.1.0
141 silly placeDep ROOT rehype-attr@4.0.2 OK for: @uiw/react-markdown-preview@5.2.1 want: ~4.0.0
142 silly placeDep ROOT rehype-autolink-headings@7.1.0 OK for: @uiw/react-markdown-preview@5.2.1 want: ~7.1.0
143 silly placeDep ROOT rehype-ignore@2.0.3 OK for: @uiw/react-markdown-preview@5.2.1 want: ^2.0.0
144 silly placeDep ROOT rehype-raw@7.0.0 OK for: @uiw/react-markdown-preview@5.2.1 want: ^7.0.0
145 silly placeDep ROOT rehype-rewrite@4.0.4 OK for: @uiw/react-markdown-preview@5.2.1 want: ~4.0.0
146 silly placeDep ROOT rehype-slug@6.0.0 OK for: @uiw/react-markdown-preview@5.2.1 want: ~6.0.0
147 silly placeDep ROOT remark-gfm@4.0.1 OK for: @uiw/react-markdown-preview@5.2.1 want: ~4.0.0
148 silly placeDep ROOT remark-github-blockquote-alert@1.3.1 OK for: @uiw/react-markdown-preview@5.2.1 want: ^1.0.0
149 silly placeDep ROOT unist-util-visit@5.1.0 OK for: @uiw/react-markdown-preview@5.2.1 want: ^5.0.0
150 silly fetch manifest @types/mdast@^4.0.0
151 silly packumentCache full:https://registry.npmjs.org/@types%2fmdast cache-miss
152 silly fetch manifest devlop@^1.0.0
153 silly packumentCache full:https://registry.npmjs.org/devlop cache-miss
154 silly fetch manifest hast-util-to-jsx-runtime@^2.0.0
155 silly packumentCache full:https://registry.npmjs.org/hast-util-to-jsx-runtime cache-miss
156 silly fetch manifest html-url-attributes@^3.0.0
157 silly packumentCache full:https://registry.npmjs.org/html-url-attributes cache-miss
158 silly fetch manifest mdast-util-to-hast@^13.0.0
159 silly packumentCache full:https://registry.npmjs.org/mdast-util-to-hast cache-miss
160 silly fetch manifest remark-parse@^11.0.0
161 silly packumentCache full:https://registry.npmjs.org/remark-parse cache-miss
162 silly fetch manifest remark-rehype@^11.0.0
163 silly packumentCache full:https://registry.npmjs.org/remark-rehype cache-miss
164 http fetch GET 200 https://registry.npmjs.org/html-url-attributes 23ms (cache miss)
165 silly packumentCache full:https://registry.npmjs.org/html-url-attributes set size:undefined disposed:false
166 silly fetch manifest vfile@^6.0.0
167 silly packumentCache full:https://registry.npmjs.org/vfile cache-miss
168 http fetch GET 200 https://registry.npmjs.org/devlop 35ms (cache miss)
169 silly packumentCache full:https://registry.npmjs.org/devlop set size:undefined disposed:false
170 silly fetch manifest unified@~11.0.0
171 silly packumentCache full:https://registry.npmjs.org/unified cache-miss
172 http fetch GET 200 https://registry.npmjs.org/@types%2fmdast 36ms (cache miss)
173 silly packumentCache full:https://registry.npmjs.org/@types%2fmdast set size:undefined disposed:false
174 silly fetch manifest unist-util-visit@~5.0.0
175 silly packumentCache full:https://registry.npmjs.org/unist-util-visit cache-hit
176 silly fetch manifest @ungap/structured-clone@^1.0.0
177 silly packumentCache full:https://registry.npmjs.org/@ungap%2fstructured-clone cache-miss
178 http fetch GET 200 https://registry.npmjs.org/hast-util-to-jsx-runtime 38ms (cache miss)
179 silly packumentCache full:https://registry.npmjs.org/hast-util-to-jsx-runtime set size:undefined disposed:false
180 silly fetch manifest hast-util-heading-rank@^3.0.0
181 silly packumentCache full:https://registry.npmjs.org/hast-util-heading-rank cache-miss
182 http fetch GET 200 https://registry.npmjs.org/remark-rehype 38ms (cache miss)
183 silly packumentCache full:https://registry.npmjs.org/remark-rehype set size:undefined disposed:false
184 silly fetch manifest hast-util-is-element@^3.0.0
185 silly packumentCache full:https://registry.npmjs.org/hast-util-is-element cache-miss
186 http cache https://registry.npmjs.org/unified 6ms (cache hit)
187 silly packumentCache full:https://registry.npmjs.org/unified set size:321787 disposed:false
188 silly fetch manifest hast-util-select@^6.0.0
189 silly packumentCache full:https://registry.npmjs.org/hast-util-select cache-miss
190 http fetch GET 200 https://registry.npmjs.org/mdast-util-to-hast 43ms (cache miss)
191 silly packumentCache full:https://registry.npmjs.org/mdast-util-to-hast set size:undefined disposed:false
192 silly fetch manifest hast-util-raw@^9.0.0
193 silly packumentCache full:https://registry.npmjs.org/hast-util-raw cache-miss
194 http fetch GET 200 https://registry.npmjs.org/remark-parse 45ms (cache miss)
195 silly packumentCache full:https://registry.npmjs.org/remark-parse set size:undefined disposed:false
196 silly fetch manifest vfile@^6.0.0
197 silly packumentCache full:https://registry.npmjs.org/vfile cache-miss
198 http fetch GET 200 https://registry.npmjs.org/vfile 30ms (cache miss)
199 silly packumentCache full:https://registry.npmjs.org/vfile set size:undefined disposed:false
200 silly fetch manifest unified@^11.0.3
201 silly packumentCache full:https://registry.npmjs.org/unified cache-hit
202 silly fetch manifest hast-util-select@^6.0.0
203 silly packumentCache full:https://registry.npmjs.org/hast-util-select cache-miss
204 http fetch GET 200 https://registry.npmjs.org/hast-util-heading-rank 23ms (cache miss)
205 silly packumentCache full:https://registry.npmjs.org/hast-util-heading-rank set size:undefined disposed:false
206 silly fetch manifest github-slugger@^2.0.0
207 silly packumentCache full:https://registry.npmjs.org/github-slugger cache-miss
208 http fetch GET 200 https://registry.npmjs.org/hast-util-is-element 31ms (cache miss)
209 silly packumentCache full:https://registry.npmjs.org/hast-util-is-element set size:undefined disposed:false
210 silly fetch manifest hast-util-to-string@^3.0.0
211 silly packumentCache full:https://registry.npmjs.org/hast-util-to-string cache-miss
212 http fetch GET 200 https://registry.npmjs.org/hast-util-raw 26ms (cache miss)
213 silly packumentCache full:https://registry.npmjs.org/hast-util-raw set size:undefined disposed:false
214 silly fetch manifest mdast-util-gfm@^3.0.0
215 silly packumentCache full:https://registry.npmjs.org/mdast-util-gfm cache-miss
216 http fetch GET 200 https://registry.npmjs.org/hast-util-select 29ms (cache miss)
217 silly packumentCache full:https://registry.npmjs.org/hast-util-select set size:undefined disposed:false
218 silly fetch manifest micromark-extension-gfm@^3.0.0
219 silly packumentCache full:https://registry.npmjs.org/micromark-extension-gfm cache-miss
220 http fetch GET 200 https://registry.npmjs.org/@ungap%2fstructured-clone 36ms (cache miss)
221 silly packumentCache full:https://registry.npmjs.org/@ungap%2fstructured-clone set size:undefined disposed:false
222 silly fetch manifest remark-stringify@^11.0.0
223 silly packumentCache full:https://registry.npmjs.org/remark-stringify cache-miss
224 http cache https://registry.npmjs.org/hast-util-to-string 4ms (cache hit)
225 silly packumentCache full:https://registry.npmjs.org/hast-util-to-string set size:23292 disposed:false
226 silly fetch manifest @types/unist@^3.0.0
227 silly packumentCache full:https://registry.npmjs.org/@types%2funist cache-miss
228 http fetch GET 200 https://registry.npmjs.org/hast-util-select 27ms (cache miss)
229 silly packumentCache full:https://registry.npmjs.org/hast-util-select set size:undefined disposed:false
230 silly fetch manifest unist-util-is@^6.0.0
231 silly packumentCache full:https://registry.npmjs.org/unist-util-is cache-miss
232 http fetch GET 200 https://registry.npmjs.org/vfile 38ms (cache miss)
233 silly packumentCache full:https://registry.npmjs.org/vfile set size:undefined disposed:false
234 silly fetch manifest unist-util-visit-parents@^6.0.0
235 silly packumentCache full:https://registry.npmjs.org/unist-util-visit-parents cache-miss
236 http fetch GET 200 https://registry.npmjs.org/github-slugger 26ms (cache miss)
237 silly packumentCache full:https://registry.npmjs.org/github-slugger set size:undefined disposed:false
238 http fetch GET 200 https://registry.npmjs.org/mdast-util-gfm 25ms (cache miss)
239 silly packumentCache full:https://registry.npmjs.org/mdast-util-gfm set size:undefined disposed:false
240 http fetch GET 200 https://registry.npmjs.org/micromark-extension-gfm 25ms (cache miss)
241 silly packumentCache full:https://registry.npmjs.org/micromark-extension-gfm set size:undefined disposed:false
242 http fetch GET 200 https://registry.npmjs.org/@types%2funist 29ms (cache miss)
243 silly packumentCache full:https://registry.npmjs.org/@types%2funist set size:undefined disposed:false
244 http fetch GET 200 https://registry.npmjs.org/remark-stringify 32ms (cache miss)
245 silly packumentCache full:https://registry.npmjs.org/remark-stringify set size:undefined disposed:false
246 http fetch GET 200 https://registry.npmjs.org/unist-util-visit-parents 31ms (cache miss)
247 silly packumentCache full:https://registry.npmjs.org/unist-util-visit-parents set size:undefined disposed:false
248 http fetch GET 200 https://registry.npmjs.org/unist-util-is 38ms (cache miss)
249 silly packumentCache full:https://registry.npmjs.org/unist-util-is set size:undefined disposed:false
250 silly placeDep ROOT @types/hast@3.0.4 OK for: react-markdown@10.1.0 want: ^3.0.0
251 silly placeDep ROOT @types/mdast@4.0.4 OK for: react-markdown@10.1.0 want: ^4.0.0
252 silly placeDep ROOT devlop@1.1.0 OK for: react-markdown@10.1.0 want: ^1.0.0
253 silly placeDep ROOT hast-util-to-jsx-runtime@2.3.6 OK for: react-markdown@10.1.0 want: ^2.0.0
254 silly placeDep ROOT html-url-attributes@3.0.1 OK for: react-markdown@10.1.0 want: ^3.0.0
255 silly placeDep ROOT mdast-util-to-hast@13.2.1 OK for: react-markdown@10.1.0 want: ^13.0.0
256 silly placeDep ROOT remark-parse@11.0.0 OK for: react-markdown@10.1.0 want: ^11.0.0
257 silly placeDep ROOT remark-rehype@11.1.2 OK for: react-markdown@10.1.0 want: ^11.0.0
258 silly placeDep ROOT unified@11.0.5 OK for: react-markdown@10.1.0 want: ^11.0.0
259 silly placeDep ROOT vfile@6.0.3 OK for: react-markdown@10.1.0 want: ^6.0.0
260 silly fetch manifest @types/unist@*
261 silly packumentCache full:https://registry.npmjs.org/@types%2funist cache-miss
262 silly fetch manifest @types/unist@*
263 silly packumentCache full:https://registry.npmjs.org/@types%2funist cache-miss
264 silly fetch manifest dequal@^2.0.0
265 silly packumentCache full:https://registry.npmjs.org/dequal cache-miss
266 silly fetch manifest comma-separated-tokens@^2.0.0
267 silly packumentCache full:https://registry.npmjs.org/comma-separated-tokens cache-miss
268 silly fetch manifest estree-util-is-identifier-name@^3.0.0
269 silly packumentCache full:https://registry.npmjs.org/estree-util-is-identifier-name cache-miss
270 silly fetch manifest hast-util-whitespace@^3.0.0
271 silly packumentCache full:https://registry.npmjs.org/hast-util-whitespace cache-miss
272 silly fetch manifest mdast-util-mdx-expression@^2.0.0
273 silly packumentCache full:https://registry.npmjs.org/mdast-util-mdx-expression cache-miss
274 http cache https://registry.npmjs.org/@types%2funist 4ms (cache hit)
275 silly packumentCache full:https://registry.npmjs.org/@types%2funist set size:39215 disposed:false
276 silly fetch manifest mdast-util-mdx-jsx@^3.0.0
277 silly packumentCache full:https://registry.npmjs.org/mdast-util-mdx-jsx cache-miss
278 http cache https://registry.npmjs.org/@types%2funist 4ms (cache hit)
279 silly packumentCache full:https://registry.npmjs.org/@types%2funist set size:39215 disposed:false
280 silly packumentCache full:https://registry.npmjs.org/@types%2funist dispose
281 silly fetch manifest mdast-util-mdxjs-esm@^2.0.0
282 silly packumentCache full:https://registry.npmjs.org/mdast-util-mdxjs-esm cache-miss
283 http fetch GET 200 https://registry.npmjs.org/comma-separated-tokens 25ms (cache miss)
284 silly packumentCache full:https://registry.npmjs.org/comma-separated-tokens set size:undefined disposed:false
285 silly fetch manifest property-information@^7.0.0
286 silly packumentCache full:https://registry.npmjs.org/property-information cache-miss
287 http fetch GET 200 https://registry.npmjs.org/dequal 27ms (cache miss)
288 silly packumentCache full:https://registry.npmjs.org/dequal set size:undefined disposed:false
289 silly fetch manifest space-separated-tokens@^2.0.0
290 silly packumentCache full:https://registry.npmjs.org/space-separated-tokens cache-miss
291 http fetch GET 200 https://registry.npmjs.org/hast-util-whitespace 27ms (cache miss)
292 silly packumentCache full:https://registry.npmjs.org/hast-util-whitespace set size:undefined disposed:false
293 silly fetch manifest style-to-js@^1.0.0
294 silly packumentCache full:https://registry.npmjs.org/style-to-js cache-miss
295 http fetch GET 200 https://registry.npmjs.org/estree-util-is-identifier-name 29ms (cache miss)
296 silly packumentCache full:https://registry.npmjs.org/estree-util-is-identifier-name set size:undefined disposed:false
297 silly fetch manifest unist-util-position@^5.0.0
298 silly packumentCache full:https://registry.npmjs.org/unist-util-position cache-miss
299 http fetch GET 200 https://registry.npmjs.org/mdast-util-mdx-expression 30ms (cache miss)
300 silly packumentCache full:https://registry.npmjs.org/mdast-util-mdx-expression set size:undefined disposed:false
301 silly fetch manifest vfile-message@^4.0.0
302 silly packumentCache full:https://registry.npmjs.org/vfile-message cache-miss
303 http fetch GET 200 https://registry.npmjs.org/mdast-util-mdx-jsx 33ms (cache miss)
304 silly packumentCache full:https://registry.npmjs.org/mdast-util-mdx-jsx set size:undefined disposed:false
305 silly fetch manifest micromark-util-sanitize-uri@^2.0.0
306 silly packumentCache full:https://registry.npmjs.org/micromark-util-sanitize-uri cache-miss
307 http fetch GET 200 https://registry.npmjs.org/space-separated-tokens 30ms (cache miss)
308 silly packumentCache full:https://registry.npmjs.org/space-separated-tokens set size:undefined disposed:false
309 silly fetch manifest trim-lines@^3.0.0
310 silly packumentCache full:https://registry.npmjs.org/trim-lines cache-miss
311 http fetch GET 200 https://registry.npmjs.org/style-to-js 30ms (cache miss)
312 silly packumentCache full:https://registry.npmjs.org/style-to-js set size:undefined disposed:false
313 silly fetch manifest unist-util-position@^5.0.0
314 silly packumentCache full:https://registry.npmjs.org/unist-util-position cache-miss
315 http fetch GET 200 https://registry.npmjs.org/unist-util-position 30ms (cache miss)
316 silly packumentCache full:https://registry.npmjs.org/unist-util-position set size:undefined disposed:false
317 silly fetch manifest mdast-util-from-markdown@^2.0.0
318 silly packumentCache full:https://registry.npmjs.org/mdast-util-from-markdown cache-miss
319 http fetch GET 200 https://registry.npmjs.org/property-information 35ms (cache miss)
320 silly packumentCache full:https://registry.npmjs.org/property-information set size:undefined disposed:false
321 silly fetch manifest micromark-util-types@^2.0.0
322 silly packumentCache full:https://registry.npmjs.org/micromark-util-types cache-miss
323 http cache https://registry.npmjs.org/unist-util-position 4ms (cache hit)
324 silly packumentCache full:https://registry.npmjs.org/unist-util-position set size:51342 disposed:false
325 silly fetch manifest bail@^2.0.0
326 silly packumentCache full:https://registry.npmjs.org/bail cache-miss
327 http fetch GET 200 https://registry.npmjs.org/vfile-message 34ms (cache miss)
328 silly packumentCache full:https://registry.npmjs.org/vfile-message set size:undefined disposed:false
329 silly fetch manifest extend@^3.0.0
330 silly packumentCache full:https://registry.npmjs.org/extend cache-miss
331 http fetch GET 200 https://registry.npmjs.org/micromark-util-sanitize-uri 29ms (cache miss)
332 silly packumentCache full:https://registry.npmjs.org/micromark-util-sanitize-uri set size:undefined disposed:false
333 silly fetch manifest is-plain-obj@^4.0.0
334 silly packumentCache full:https://registry.npmjs.org/is-plain-obj cache-miss
335 http fetch GET 200 https://registry.npmjs.org/trim-lines 24ms (cache miss)
336 silly packumentCache full:https://registry.npmjs.org/trim-lines set size:undefined disposed:false
337 silly fetch manifest trough@^2.0.0
338 silly packumentCache full:https://registry.npmjs.org/trough cache-miss
339 http fetch GET 200 https://registry.npmjs.org/mdast-util-from-markdown 27ms (cache miss)
340 silly packumentCache full:https://registry.npmjs.org/mdast-util-from-markdown set size:undefined disposed:false
341 http fetch GET 200 https://registry.npmjs.org/micromark-util-types 46ms (cache miss)
342 silly packumentCache full:https://registry.npmjs.org/micromark-util-types set size:undefined disposed:false
343 http fetch GET 200 https://registry.npmjs.org/is-plain-obj 41ms (cache miss)
344 silly packumentCache full:https://registry.npmjs.org/is-plain-obj set size:undefined disposed:false
345 http fetch GET 200 https://registry.npmjs.org/extend 43ms (cache miss)
346 silly packumentCache full:https://registry.npmjs.org/extend set size:undefined disposed:false
347 http fetch GET 200 https://registry.npmjs.org/bail 44ms (cache miss)
348 silly packumentCache full:https://registry.npmjs.org/bail set size:undefined disposed:false
349 http fetch GET 200 https://registry.npmjs.org/mdast-util-mdxjs-esm 191ms (cache miss)
350 silly packumentCache full:https://registry.npmjs.org/mdast-util-mdxjs-esm set size:undefined disposed:false
351 http fetch GET 200 https://registry.npmjs.org/trough 194ms (cache miss)
352 silly packumentCache full:https://registry.npmjs.org/trough set size:undefined disposed:false
353 silly placeDep ROOT @types/unist@3.0.3 OK for: @types/hast@3.0.4 want: *
354 silly placeDep ROOT dequal@2.0.3 OK for: devlop@1.1.0 want: ^2.0.0
355 silly placeDep ROOT comma-separated-tokens@2.0.3 OK for: hast-util-to-jsx-runtime@2.3.6 want: ^2.0.0
356 silly placeDep ROOT estree-util-is-identifier-name@3.0.0 OK for: hast-util-to-jsx-runtime@2.3.6 want: ^3.0.0
357 silly placeDep ROOT hast-util-whitespace@3.0.0 OK for: hast-util-to-jsx-runtime@2.3.6 want: ^3.0.0
358 silly placeDep ROOT mdast-util-mdx-expression@2.0.1 OK for: hast-util-to-jsx-runtime@2.3.6 want: ^2.0.0
359 silly placeDep ROOT mdast-util-mdx-jsx@3.2.0 OK for: hast-util-to-jsx-runtime@2.3.6 want: ^3.0.0
360 silly placeDep ROOT mdast-util-mdxjs-esm@2.0.1 OK for: hast-util-to-jsx-runtime@2.3.6 want: ^2.0.0
361 silly placeDep ROOT property-information@7.1.0 OK for: hast-util-to-jsx-runtime@2.3.6 want: ^7.0.0
362 silly placeDep ROOT space-separated-tokens@2.0.2 OK for: hast-util-to-jsx-runtime@2.3.6 want: ^2.0.0
363 silly placeDep ROOT style-to-js@1.1.21 OK for: hast-util-to-jsx-runtime@2.3.6 want: ^1.0.0
364 silly placeDep ROOT unist-util-position@5.0.0 OK for: hast-util-to-jsx-runtime@2.3.6 want: ^5.0.0
365 silly placeDep ROOT vfile-message@4.0.3 OK for: hast-util-to-jsx-runtime@2.3.6 want: ^4.0.0
366 silly fetch manifest @types/estree-jsx@^1.0.0
367 silly packumentCache full:https://registry.npmjs.org/@types%2festree-jsx cache-miss
368 silly fetch manifest mdast-util-to-markdown@^2.0.0
369 silly packumentCache full:https://registry.npmjs.org/mdast-util-to-markdown cache-miss
370 silly fetch manifest @types/estree-jsx@^1.0.0
371 silly packumentCache full:https://registry.npmjs.org/@types%2festree-jsx cache-miss
372 silly fetch manifest ccount@^2.0.0
373 silly packumentCache full:https://registry.npmjs.org/ccount cache-miss
374 silly fetch manifest mdast-util-to-markdown@^2.0.0
375 silly packumentCache full:https://registry.npmjs.org/mdast-util-to-markdown cache-miss
376 silly fetch manifest parse-entities@^4.0.0
377 silly packumentCache full:https://registry.npmjs.org/parse-entities cache-miss
378 silly fetch manifest stringify-entities@^4.0.0
379 silly packumentCache full:https://registry.npmjs.org/stringify-entities cache-miss
380 http fetch GET 200 https://registry.npmjs.org/stringify-entities 36ms (cache miss)
381 silly packumentCache full:https://registry.npmjs.org/stringify-entities set size:undefined disposed:false
382 silly fetch manifest unist-util-stringify-position@^4.0.0
383 silly packumentCache full:https://registry.npmjs.org/unist-util-stringify-position cache-miss
384 http fetch GET 200 https://registry.npmjs.org/ccount 42ms (cache miss)
385 silly packumentCache full:https://registry.npmjs.org/ccount set size:undefined disposed:false
386 silly fetch manifest @types/estree-jsx@^1.0.0
387 silly packumentCache full:https://registry.npmjs.org/@types%2festree-jsx cache-miss
388 http fetch GET 200 https://registry.npmjs.org/@types%2festree-jsx 44ms (cache miss)
389 silly packumentCache full:https://registry.npmjs.org/@types%2festree-jsx set size:undefined disposed:false
390 silly fetch manifest mdast-util-to-markdown@^2.0.0
391 silly packumentCache full:https://registry.npmjs.org/mdast-util-to-markdown cache-miss
392 http fetch GET 200 https://registry.npmjs.org/@types%2festree-jsx 44ms (cache miss)
393 silly packumentCache full:https://registry.npmjs.org/@types%2festree-jsx set size:undefined disposed:false
394 silly fetch manifest style-to-object@1.0.14
395 silly packumentCache full:https://registry.npmjs.org/style-to-object cache-miss
396 http fetch GET 200 https://registry.npmjs.org/parse-entities 40ms (cache miss)
397 silly packumentCache full:https://registry.npmjs.org/parse-entities set size:undefined disposed:false
398 silly fetch manifest unist-util-stringify-position@^4.0.0
399 silly packumentCache full:https://registry.npmjs.org/unist-util-stringify-position cache-miss
400 http fetch GET 200 https://registry.npmjs.org/mdast-util-to-markdown 46ms (cache miss)
401 silly packumentCache full:https://registry.npmjs.org/mdast-util-to-markdown set size:undefined disposed:false
402 http fetch GET 200 https://registry.npmjs.org/mdast-util-to-markdown 47ms (cache miss)
403 silly packumentCache full:https://registry.npmjs.org/mdast-util-to-markdown set size:undefined disposed:false
404 http cache https://registry.npmjs.org/@types%2festree-jsx 5ms (cache hit)
405 silly packumentCache full:https://registry.npmjs.org/@types%2festree-jsx set size:18387 disposed:false
406 http fetch GET 200 https://registry.npmjs.org/unist-util-stringify-position 23ms (cache miss)
407 silly packumentCache full:https://registry.npmjs.org/unist-util-stringify-position set size:undefined disposed:false
408 http fetch GET 200 https://registry.npmjs.org/mdast-util-to-markdown 27ms (cache miss)
409 silly packumentCache full:https://registry.npmjs.org/mdast-util-to-markdown set size:undefined disposed:false
410 http fetch GET 200 https://registry.npmjs.org/style-to-object 28ms (cache miss)
411 silly packumentCache full:https://registry.npmjs.org/style-to-object set size:undefined disposed:false
412 http fetch GET 200 https://registry.npmjs.org/unist-util-stringify-position 30ms (cache miss)
413 silly packumentCache full:https://registry.npmjs.org/unist-util-stringify-position set size:undefined disposed:false
414 silly placeDep ROOT @types/estree-jsx@1.0.5 OK for: mdast-util-mdx-expression@2.0.1 want: ^1.0.0
415 silly placeDep ROOT mdast-util-from-markdown@2.0.3 OK for: mdast-util-mdx-expression@2.0.1 want: ^2.0.0
416 silly placeDep ROOT mdast-util-to-markdown@2.1.2 OK for: mdast-util-mdx-expression@2.0.1 want: ^2.0.0
417 silly fetch manifest decode-named-character-reference@^1.0.0
418 silly packumentCache full:https://registry.npmjs.org/decode-named-character-reference cache-miss
419 silly fetch manifest mdast-util-to-string@^4.0.0
420 silly packumentCache full:https://registry.npmjs.org/mdast-util-to-string cache-miss
421 silly fetch manifest micromark@^4.0.0
422 silly packumentCache full:https://registry.npmjs.org/micromark cache-miss
423 silly fetch manifest micromark-util-decode-numeric-character-reference@^2.0.0
424 silly packumentCache full:https://registry.npmjs.org/micromark-util-decode-numeric-character-reference cache-miss
425 silly fetch manifest micromark-util-decode-string@^2.0.0
426 silly packumentCache full:https://registry.npmjs.org/micromark-util-decode-string cache-miss
427 silly fetch manifest micromark-util-normalize-identifier@^2.0.0
428 silly packumentCache full:https://registry.npmjs.org/micromark-util-normalize-identifier cache-miss
429 silly fetch manifest micromark-util-symbol@^2.0.0
430 silly packumentCache full:https://registry.npmjs.org/micromark-util-symbol cache-miss
431 http fetch GET 200 https://registry.npmjs.org/decode-named-character-reference 22ms (cache miss)
432 silly packumentCache full:https://registry.npmjs.org/decode-named-character-reference set size:undefined disposed:false
433 silly fetch manifest longest-streak@^3.0.0
434 silly packumentCache full:https://registry.npmjs.org/longest-streak cache-miss
435 http fetch GET 200 https://registry.npmjs.org/micromark-util-decode-numeric-character-reference 25ms (cache miss)
436 silly packumentCache full:https://registry.npmjs.org/micromark-util-decode-numeric-character-reference set size:undefined disposed:false
437 silly fetch manifest mdast-util-phrasing@^4.0.0
438 silly packumentCache full:https://registry.npmjs.org/mdast-util-phrasing cache-miss
439 http fetch GET 200 https://registry.npmjs.org/micromark-util-normalize-identifier 25ms (cache miss)
440 silly packumentCache full:https://registry.npmjs.org/micromark-util-normalize-identifier set size:undefined disposed:false
441 silly fetch manifest mdast-util-to-string@^4.0.0
442 silly packumentCache full:https://registry.npmjs.org/mdast-util-to-string cache-miss
443 http fetch GET 200 https://registry.npmjs.org/micromark-util-decode-string 28ms (cache miss)
444 silly packumentCache full:https://registry.npmjs.org/micromark-util-decode-string set size:undefined disposed:false
445 silly fetch manifest micromark-util-classify-character@^2.0.0
446 silly packumentCache full:https://registry.npmjs.org/micromark-util-classify-character cache-miss
447 http fetch GET 200 https://registry.npmjs.org/micromark-util-symbol 29ms (cache miss)
448 silly packumentCache full:https://registry.npmjs.org/micromark-util-symbol set size:undefined disposed:false
449 silly fetch manifest zwitch@^2.0.0
450 silly packumentCache full:https://registry.npmjs.org/zwitch cache-miss
451 http fetch GET 200 https://registry.npmjs.org/micromark 31ms (cache miss)
452 silly packumentCache full:https://registry.npmjs.org/micromark set size:undefined disposed:false
453 http fetch GET 200 https://registry.npmjs.org/mdast-util-to-string 34ms (cache miss)
454 silly packumentCache full:https://registry.npmjs.org/mdast-util-to-string set size:undefined disposed:false
455 http fetch GET 200 https://registry.npmjs.org/longest-streak 22ms (cache miss)
456 silly packumentCache full:https://registry.npmjs.org/longest-streak set size:undefined disposed:false
457 http fetch GET 200 https://registry.npmjs.org/mdast-util-phrasing 21ms (cache miss)
458 silly packumentCache full:https://registry.npmjs.org/mdast-util-phrasing set size:undefined disposed:false
459 http fetch GET 200 https://registry.npmjs.org/mdast-util-to-string 24ms (cache miss)
460 silly packumentCache full:https://registry.npmjs.org/mdast-util-to-string set size:undefined disposed:false
461 http fetch GET 200 https://registry.npmjs.org/micromark-util-classify-character 24ms (cache miss)
462 silly packumentCache full:https://registry.npmjs.org/micromark-util-classify-character set size:undefined disposed:false
463 http fetch GET 200 https://registry.npmjs.org/zwitch 28ms (cache miss)
464 silly packumentCache full:https://registry.npmjs.org/zwitch set size:undefined disposed:false
465 silly placeDep ROOT decode-named-character-reference@1.3.0 OK for: mdast-util-from-markdown@2.0.3 want: ^1.0.0
466 silly placeDep ROOT mdast-util-to-string@4.0.0 OK for: mdast-util-from-markdown@2.0.3 want: ^4.0.0
467 silly placeDep ROOT micromark@4.0.2 OK for: mdast-util-from-markdown@2.0.3 want: ^4.0.0
468 silly placeDep ROOT micromark-util-decode-numeric-character-reference@2.0.2 OK for: mdast-util-from-markdown@2.0.3 want: ^2.0.0
469 silly placeDep ROOT micromark-util-decode-string@2.0.1 OK for: mdast-util-from-markdown@2.0.3 want: ^2.0.0
470 silly placeDep ROOT micromark-util-normalize-identifier@2.0.1 OK for: mdast-util-from-markdown@2.0.3 want: ^2.0.0
471 silly placeDep ROOT micromark-util-symbol@2.0.1 OK for: mdast-util-from-markdown@2.0.3 want: ^2.0.0
472 silly placeDep ROOT micromark-util-types@2.0.2 OK for: mdast-util-from-markdown@2.0.3 want: ^2.0.0
473 silly placeDep ROOT unist-util-stringify-position@4.0.0 OK for: mdast-util-from-markdown@2.0.3 want: ^4.0.0
474 silly fetch manifest character-entities@^2.0.0
475 silly packumentCache full:https://registry.npmjs.org/character-entities cache-miss
476 silly fetch manifest @types/debug@^4.0.0
477 silly packumentCache full:https://registry.npmjs.org/@types%2fdebug cache-miss
478 silly fetch manifest micromark-core-commonmark@^2.0.0
479 silly packumentCache full:https://registry.npmjs.org/micromark-core-commonmark cache-miss
480 silly fetch manifest micromark-factory-space@^2.0.0
481 silly packumentCache full:https://registry.npmjs.org/micromark-factory-space cache-miss
482 silly fetch manifest micromark-util-character@^2.0.0
483 silly packumentCache full:https://registry.npmjs.org/micromark-util-character cache-miss
484 silly fetch manifest micromark-util-chunked@^2.0.0
485 silly packumentCache full:https://registry.npmjs.org/micromark-util-chunked cache-miss
486 silly fetch manifest micromark-util-combine-extensions@^2.0.0
487 silly packumentCache full:https://registry.npmjs.org/micromark-util-combine-extensions cache-miss
488 http fetch GET 200 https://registry.npmjs.org/character-entities 25ms (cache miss)
489 silly packumentCache full:https://registry.npmjs.org/character-entities set size:undefined disposed:false
490 silly fetch manifest micromark-util-encode@^2.0.0
491 silly packumentCache full:https://registry.npmjs.org/micromark-util-encode cache-miss
492 http fetch GET 200 https://registry.npmjs.org/micromark-factory-space 26ms (cache miss)
493 silly packumentCache full:https://registry.npmjs.org/micromark-factory-space set size:undefined disposed:false
494 silly fetch manifest micromark-util-resolve-all@^2.0.0
495 silly packumentCache full:https://registry.npmjs.org/micromark-util-resolve-all cache-miss
496 http fetch GET 200 https://registry.npmjs.org/micromark-util-character 28ms (cache miss)
497 silly packumentCache full:https://registry.npmjs.org/micromark-util-character set size:undefined disposed:false
498 silly fetch manifest micromark-util-subtokenize@^2.0.0
499 silly packumentCache full:https://registry.npmjs.org/micromark-util-subtokenize cache-miss
500 http fetch GET 200 https://registry.npmjs.org/micromark-core-commonmark 30ms (cache miss)
501 silly packumentCache full:https://registry.npmjs.org/micromark-core-commonmark set size:undefined disposed:false
502 http fetch GET 200 https://registry.npmjs.org/micromark-util-chunked 29ms (cache miss)
503 silly packumentCache full:https://registry.npmjs.org/micromark-util-chunked set size:undefined disposed:false
504 http fetch GET 200 https://registry.npmjs.org/micromark-util-combine-extensions 30ms (cache miss)
505 silly packumentCache full:https://registry.npmjs.org/micromark-util-combine-extensions set size:undefined disposed:false
506 http fetch GET 200 https://registry.npmjs.org/@types%2fdebug 41ms (cache miss)
507 silly packumentCache full:https://registry.npmjs.org/@types%2fdebug set size:undefined disposed:false
508 http fetch GET 200 https://registry.npmjs.org/micromark-util-encode 24ms (cache miss)
509 silly packumentCache full:https://registry.npmjs.org/micromark-util-encode set size:undefined disposed:false
510 http fetch GET 200 https://registry.npmjs.org/micromark-util-resolve-all 25ms (cache miss)
511 silly packumentCache full:https://registry.npmjs.org/micromark-util-resolve-all set size:undefined disposed:false
512 http fetch GET 200 https://registry.npmjs.org/micromark-util-subtokenize 26ms (cache miss)
513 silly packumentCache full:https://registry.npmjs.org/micromark-util-subtokenize set size:undefined disposed:false
514 silly placeDep ROOT character-entities@2.0.2 OK for: decode-named-character-reference@1.3.0 want: ^2.0.0
515 silly placeDep ROOT ccount@2.0.1 OK for: mdast-util-mdx-jsx@3.2.0 want: ^2.0.0
516 silly placeDep ROOT parse-entities@4.0.2 OK for: mdast-util-mdx-jsx@3.2.0 want: ^4.0.0
517 silly placeDep ROOT stringify-entities@4.0.4 OK for: mdast-util-mdx-jsx@3.2.0 want: ^4.0.0
518 silly fetch manifest @types/unist@^2.0.0
519 silly packumentCache full:https://registry.npmjs.org/@types%2funist cache-hit
520 silly fetch manifest character-entities-legacy@^3.0.0
521 silly packumentCache full:https://registry.npmjs.org/character-entities-legacy cache-miss
522 silly fetch manifest character-reference-invalid@^2.0.0
523 silly packumentCache full:https://registry.npmjs.org/character-reference-invalid cache-miss
524 silly fetch manifest is-alphanumerical@^2.0.0
525 silly packumentCache full:https://registry.npmjs.org/is-alphanumerical cache-miss
526 silly fetch manifest is-decimal@^2.0.0
527 silly packumentCache full:https://registry.npmjs.org/is-decimal cache-miss
528 silly fetch manifest is-hexadecimal@^2.0.0
529 silly packumentCache full:https://registry.npmjs.org/is-hexadecimal cache-miss
530 silly fetch manifest character-entities-html4@^2.0.0
531 silly packumentCache full:https://registry.npmjs.org/character-entities-html4 cache-miss
532 silly fetch manifest character-entities-legacy@^3.0.0
533 silly packumentCache full:https://registry.npmjs.org/character-entities-legacy cache-miss
534 http fetch GET 200 https://registry.npmjs.org/is-hexadecimal 26ms (cache miss)
535 silly packumentCache full:https://registry.npmjs.org/is-hexadecimal set size:undefined disposed:false
536 http fetch GET 200 https://registry.npmjs.org/character-entities-legacy 28ms (cache miss)
537 silly packumentCache full:https://registry.npmjs.org/character-entities-legacy set size:undefined disposed:false
538 http fetch GET 200 https://registry.npmjs.org/character-entities-legacy 29ms (cache miss)
539 silly packumentCache full:https://registry.npmjs.org/character-entities-legacy set size:undefined disposed:false
540 http fetch GET 200 https://registry.npmjs.org/character-reference-invalid 30ms (cache miss)
541 silly packumentCache full:https://registry.npmjs.org/character-reference-invalid set size:undefined disposed:false
542 http fetch GET 200 https://registry.npmjs.org/character-entities-html4 30ms (cache miss)
543 silly packumentCache full:https://registry.npmjs.org/character-entities-html4 set size:undefined disposed:false
544 http fetch GET 200 https://registry.npmjs.org/is-decimal 31ms (cache miss)
545 silly packumentCache full:https://registry.npmjs.org/is-decimal set size:undefined disposed:false
546 http fetch GET 200 https://registry.npmjs.org/is-alphanumerical 34ms (cache miss)
547 silly packumentCache full:https://registry.npmjs.org/is-alphanumerical set size:undefined disposed:false
548 silly placeDep ROOT @ungap/structured-clone@1.3.1 OK for: mdast-util-to-hast@13.2.1 want: ^1.0.0
549 silly placeDep ROOT micromark-util-sanitize-uri@2.0.1 OK for: mdast-util-to-hast@13.2.1 want: ^2.0.0
550 silly placeDep ROOT trim-lines@3.0.1 OK for: mdast-util-to-hast@13.2.1 want: ^3.0.0
551 silly placeDep ROOT longest-streak@3.1.0 OK for: mdast-util-to-markdown@2.1.2 want: ^3.0.0
552 silly placeDep ROOT mdast-util-phrasing@4.1.0 OK for: mdast-util-to-markdown@2.1.2 want: ^4.0.0
553 silly placeDep ROOT micromark-util-classify-character@2.0.1 OK for: mdast-util-to-markdown@2.1.2 want: ^2.0.0
554 silly placeDep ROOT zwitch@2.0.4 OK for: mdast-util-to-markdown@2.1.2 want: ^2.0.0
555 silly placeDep ROOT unist-util-is@6.0.1 OK for: mdast-util-phrasing@4.1.0 want: ^6.0.0
556 silly placeDep ROOT @types/debug@4.1.13 OK for: micromark@4.0.2 want: ^4.0.0
557 silly placeDep ROOT micromark-core-commonmark@2.0.3 OK for: micromark@4.0.2 want: ^2.0.0
558 silly placeDep ROOT micromark-factory-space@2.0.1 OK for: micromark@4.0.2 want: ^2.0.0
559 silly placeDep ROOT micromark-util-character@2.1.1 OK for: micromark@4.0.2 want: ^2.0.0
560 silly placeDep ROOT micromark-util-chunked@2.0.1 OK for: micromark@4.0.2 want: ^2.0.0
561 silly placeDep ROOT micromark-util-combine-extensions@2.0.1 OK for: micromark@4.0.2 want: ^2.0.0
562 silly placeDep ROOT micromark-util-encode@2.0.1 OK for: micromark@4.0.2 want: ^2.0.0
563 silly placeDep ROOT micromark-util-resolve-all@2.0.1 OK for: micromark@4.0.2 want: ^2.0.0
564 silly placeDep ROOT micromark-util-subtokenize@2.1.0 OK for: micromark@4.0.2 want: ^2.0.0
565 silly fetch manifest @types/ms@*
566 silly packumentCache full:https://registry.npmjs.org/@types%2fms cache-miss
567 silly fetch manifest micromark-factory-destination@^2.0.0
568 silly packumentCache full:https://registry.npmjs.org/micromark-factory-destination cache-miss
569 silly fetch manifest micromark-factory-label@^2.0.0
570 silly packumentCache full:https://registry.npmjs.org/micromark-factory-label cache-miss
571 silly fetch manifest micromark-factory-title@^2.0.0
572 silly packumentCache full:https://registry.npmjs.org/micromark-factory-title cache-miss
573 silly fetch manifest micromark-factory-whitespace@^2.0.0
574 silly packumentCache full:https://registry.npmjs.org/micromark-factory-whitespace cache-miss
575 silly fetch manifest micromark-util-html-tag-name@^2.0.0
576 silly packumentCache full:https://registry.npmjs.org/micromark-util-html-tag-name cache-miss
577 http fetch GET 200 https://registry.npmjs.org/micromark-factory-destination 27ms (cache miss)
578 silly packumentCache full:https://registry.npmjs.org/micromark-factory-destination set size:undefined disposed:false
579 http fetch GET 200 https://registry.npmjs.org/@types%2fms 28ms (cache miss)
580 silly packumentCache full:https://registry.npmjs.org/@types%2fms set size:undefined disposed:false
581 http fetch GET 200 https://registry.npmjs.org/micromark-factory-whitespace 29ms (cache miss)
582 silly packumentCache full:https://registry.npmjs.org/micromark-factory-whitespace set size:undefined disposed:false
583 http fetch GET 200 https://registry.npmjs.org/micromark-util-html-tag-name 30ms (cache miss)
584 silly packumentCache full:https://registry.npmjs.org/micromark-util-html-tag-name set size:undefined disposed:false
585 http fetch GET 200 https://registry.npmjs.org/micromark-factory-title 33ms (cache miss)
586 silly packumentCache full:https://registry.npmjs.org/micromark-factory-title set size:undefined disposed:false
587 http fetch GET 200 https://registry.npmjs.org/micromark-factory-label 195ms (cache miss)
588 silly packumentCache full:https://registry.npmjs.org/micromark-factory-label set size:undefined disposed:false
589 silly placeDep ROOT @types/ms@2.1.0 OK for: @types/debug@4.1.13 want: *
590 silly placeDep ROOT micromark-factory-destination@2.0.1 OK for: micromark-core-commonmark@2.0.3 want: ^2.0.0
591 silly placeDep ROOT micromark-factory-label@2.0.1 OK for: micromark-core-commonmark@2.0.3 want: ^2.0.0
592 silly placeDep ROOT micromark-factory-title@2.0.1 OK for: micromark-core-commonmark@2.0.3 want: ^2.0.0
593 silly placeDep ROOT micromark-factory-whitespace@2.0.1 OK for: micromark-core-commonmark@2.0.3 want: ^2.0.0
594 silly placeDep ROOT micromark-util-html-tag-name@2.0.1 OK for: micromark-core-commonmark@2.0.3 want: ^2.0.0
595 silly placeDep node_modules/parse-entities @types/unist@2.0.11 OK for: parse-entities@4.0.2 want: ^2.0.0
596 silly placeDep ROOT character-entities-legacy@3.0.0 OK for: parse-entities@4.0.2 want: ^3.0.0
597 silly placeDep ROOT character-reference-invalid@2.0.1 OK for: parse-entities@4.0.2 want: ^2.0.0
598 silly placeDep ROOT is-alphanumerical@2.0.1 OK for: parse-entities@4.0.2 want: ^2.0.0
599 silly placeDep ROOT is-decimal@2.0.1 OK for: parse-entities@4.0.2 want: ^2.0.0
600 silly placeDep ROOT is-hexadecimal@2.0.1 OK for: parse-entities@4.0.2 want: ^2.0.0
601 silly fetch manifest is-alphabetical@^2.0.0
602 silly packumentCache full:https://registry.npmjs.org/is-alphabetical cache-miss
603 http fetch GET 200 https://registry.npmjs.org/is-alphabetical 29ms (cache miss)
604 silly packumentCache full:https://registry.npmjs.org/is-alphabetical set size:undefined disposed:false
605 silly placeDep ROOT is-alphabetical@2.0.1 OK for: is-alphanumerical@2.0.1 want: ^2.0.0
606 silly placeDep ROOT rehype-parse@9.0.1 OK for: rehype@13.0.2 want: ^9.0.0
607 silly placeDep ROOT rehype-stringify@10.0.1 OK for: rehype@13.0.2 want: ^10.0.0
608 silly fetch manifest hast-util-from-html@^2.0.0
609 silly packumentCache full:https://registry.npmjs.org/hast-util-from-html cache-miss
610 silly fetch manifest hast-util-to-html@^9.0.0
611 silly packumentCache full:https://registry.npmjs.org/hast-util-to-html cache-miss
612 http fetch GET 200 https://registry.npmjs.org/hast-util-from-html 26ms (cache miss)
613 silly packumentCache full:https://registry.npmjs.org/hast-util-from-html set size:undefined disposed:false
614 http fetch GET 200 https://registry.npmjs.org/hast-util-to-html 26ms (cache miss)
615 silly packumentCache full:https://registry.npmjs.org/hast-util-to-html set size:undefined disposed:false
616 silly placeDep node_modules/rehype-attr unist-util-visit@5.0.0 OK for: rehype-attr@4.0.2 want: ~5.0.0
617 silly placeDep ROOT hast-util-heading-rank@3.0.0 OK for: rehype-autolink-headings@7.1.0 want: ^3.0.0
618 silly placeDep ROOT hast-util-is-element@3.0.0 OK for: rehype-autolink-headings@7.1.0 want: ^3.0.0
619 silly placeDep ROOT hast-util-select@6.0.4 OK for: rehype-ignore@2.0.3 want: ^6.0.0
620 silly fetch manifest bcp-47-match@^2.0.0
621 silly packumentCache full:https://registry.npmjs.org/bcp-47-match cache-miss
622 silly fetch manifest css-selector-parser@^3.0.0
623 silly packumentCache full:https://registry.npmjs.org/css-selector-parser cache-miss
624 silly fetch manifest direction@^2.0.0
625 silly packumentCache full:https://registry.npmjs.org/direction cache-miss
626 silly fetch manifest hast-util-has-property@^3.0.0
627 silly packumentCache full:https://registry.npmjs.org/hast-util-has-property cache-miss
628 silly fetch manifest nth-check@^2.0.0
629 silly packumentCache full:https://registry.npmjs.org/nth-check cache-miss
630 http fetch GET 200 https://registry.npmjs.org/hast-util-has-property 25ms (cache miss)
631 silly packumentCache full:https://registry.npmjs.org/hast-util-has-property set size:undefined disposed:false
632 http fetch GET 200 https://registry.npmjs.org/bcp-47-match 26ms (cache miss)
633 silly packumentCache full:https://registry.npmjs.org/bcp-47-match set size:undefined disposed:false
634 http fetch GET 200 https://registry.npmjs.org/direction 27ms (cache miss)
635 silly packumentCache full:https://registry.npmjs.org/direction set size:undefined disposed:false
636 http fetch GET 200 https://registry.npmjs.org/nth-check 33ms (cache miss)
637 silly packumentCache full:https://registry.npmjs.org/nth-check set size:undefined disposed:false
638 http fetch GET 200 https://registry.npmjs.org/css-selector-parser 33ms (cache miss)
639 silly packumentCache full:https://registry.npmjs.org/css-selector-parser set size:undefined disposed:false
640 silly placeDep ROOT bcp-47-match@2.0.3 OK for: hast-util-select@6.0.4 want: ^2.0.0
641 silly placeDep ROOT css-selector-parser@3.3.0 OK for: hast-util-select@6.0.4 want: ^3.0.0
642 silly placeDep ROOT direction@2.0.1 OK for: hast-util-select@6.0.4 want: ^2.0.0
643 silly placeDep ROOT hast-util-has-property@3.0.0 OK for: hast-util-select@6.0.4 want: ^3.0.0
644 silly placeDep ROOT hast-util-to-string@3.0.1 OK for: hast-util-select@6.0.4 want: ^3.0.0
645 silly placeDep ROOT nth-check@2.1.1 OK for: hast-util-select@6.0.4 want: ^2.0.0
646 silly fetch manifest boolbase@^1.0.0
647 silly packumentCache full:https://registry.npmjs.org/boolbase cache-miss
648 http fetch GET 200 https://registry.npmjs.org/boolbase 20ms (cache miss)
649 silly packumentCache full:https://registry.npmjs.org/boolbase set size:undefined disposed:false
650 silly placeDep ROOT boolbase@1.0.0 OK for: nth-check@2.1.1 want: ^1.0.0
651 silly placeDep ROOT hast-util-from-html@2.0.3 OK for: rehype-parse@9.0.1 want: ^2.0.0
652 silly fetch manifest hast-util-from-parse5@^8.0.0
653 silly packumentCache full:https://registry.npmjs.org/hast-util-from-parse5 cache-miss
654 silly fetch manifest parse5@^7.0.0
655 silly packumentCache full:https://registry.npmjs.org/parse5 cache-miss
656 http fetch GET 200 https://registry.npmjs.org/parse5 27ms (cache miss)
657 silly packumentCache full:https://registry.npmjs.org/parse5 set size:undefined disposed:false
658 http fetch GET 200 https://registry.npmjs.org/hast-util-from-parse5 28ms (cache miss)
659 silly packumentCache full:https://registry.npmjs.org/hast-util-from-parse5 set size:undefined disposed:false
660 silly placeDep ROOT hast-util-from-parse5@8.0.3 OK for: hast-util-from-html@2.0.3 want: ^8.0.0
661 silly placeDep ROOT parse5@7.3.0 OK for: hast-util-from-html@2.0.3 want: ^7.0.0
662 silly fetch manifest hastscript@^9.0.0
663 silly packumentCache full:https://registry.npmjs.org/hastscript cache-miss
664 silly fetch manifest vfile-location@^5.0.0
665 silly packumentCache full:https://registry.npmjs.org/vfile-location cache-miss
666 silly fetch manifest web-namespaces@^2.0.0
667 silly packumentCache full:https://registry.npmjs.org/web-namespaces cache-miss
668 silly fetch manifest entities@^6.0.0
669 silly packumentCache full:https://registry.npmjs.org/entities cache-miss
670 http fetch GET 200 https://registry.npmjs.org/vfile-location 26ms (cache miss)
671 silly packumentCache full:https://registry.npmjs.org/vfile-location set size:undefined disposed:false
672 http fetch GET 200 https://registry.npmjs.org/hastscript 27ms (cache miss)
673 silly packumentCache full:https://registry.npmjs.org/hastscript set size:undefined disposed:false
674 http fetch GET 200 https://registry.npmjs.org/web-namespaces 28ms (cache miss)
675 silly packumentCache full:https://registry.npmjs.org/web-namespaces set size:undefined disposed:false
676 http fetch GET 200 https://registry.npmjs.org/entities 39ms (cache miss)
677 silly packumentCache full:https://registry.npmjs.org/entities set size:undefined disposed:false
678 silly placeDep ROOT hastscript@9.0.1 OK for: hast-util-from-parse5@8.0.3 want: ^9.0.0
679 silly placeDep ROOT vfile-location@5.0.3 OK for: hast-util-from-parse5@8.0.3 want: ^5.0.0
680 silly placeDep ROOT web-namespaces@2.0.1 OK for: hast-util-from-parse5@8.0.3 want: ^2.0.0
681 silly fetch manifest hast-util-parse-selector@^4.0.0
682 silly packumentCache full:https://registry.npmjs.org/hast-util-parse-selector cache-miss
683 http fetch GET 200 https://registry.npmjs.org/hast-util-parse-selector 24ms (cache miss)
684 silly packumentCache full:https://registry.npmjs.org/hast-util-parse-selector set size:undefined disposed:false
685 silly placeDep ROOT hast-util-parse-selector@4.0.0 OK for: hastscript@9.0.1 want: ^4.0.0
686 silly placeDep ROOT entities@6.0.1 OK for: parse5@7.3.0 want: ^6.0.0
687 silly placeDep ROOT parse-numeric-range@1.3.0 OK for: rehype-prism-plus@2.0.2 want: ^1.3.0
688 silly placeDep ROOT refractor@5.0.0 OK for: rehype-prism-plus@2.0.2 want: ^5.0.0
689 silly placeDep ROOT unist-util-filter@5.0.1 OK for: rehype-prism-plus@2.0.2 want: ^5.0.1
690 silly fetch manifest @types/prismjs@^1.0.0
691 silly packumentCache full:https://registry.npmjs.org/@types%2fprismjs cache-miss
692 http fetch GET 200 https://registry.npmjs.org/@types%2fprismjs 365ms (cache miss)
693 silly packumentCache full:https://registry.npmjs.org/@types%2fprismjs set size:undefined disposed:false
694 silly placeDep ROOT @types/prismjs@1.26.6 OK for: refractor@5.0.0 want: ^1.0.0
695 silly placeDep ROOT hast-util-raw@9.1.0 OK for: rehype-raw@7.0.0 want: ^9.0.0
696 silly fetch manifest hast-util-to-parse5@^8.0.0
697 silly packumentCache full:https://registry.npmjs.org/hast-util-to-parse5 cache-miss
698 silly fetch manifest html-void-elements@^3.0.0
699 silly packumentCache full:https://registry.npmjs.org/html-void-elements cache-miss
700 http fetch GET 200 https://registry.npmjs.org/html-void-elements 24ms (cache miss)
701 silly packumentCache full:https://registry.npmjs.org/html-void-elements set size:undefined disposed:false
702 http fetch GET 200 https://registry.npmjs.org/hast-util-to-parse5 33ms (cache miss)
703 silly packumentCache full:https://registry.npmjs.org/hast-util-to-parse5 set size:undefined disposed:false
704 silly placeDep ROOT hast-util-to-parse5@8.0.1 OK for: hast-util-raw@9.1.0 want: ^8.0.0
705 silly placeDep ROOT html-void-elements@3.0.0 OK for: hast-util-raw@9.1.0 want: ^3.0.0
706 silly placeDep ROOT github-slugger@2.0.0 OK for: rehype-slug@6.0.0 want: ^2.0.0
707 silly placeDep ROOT hast-util-to-html@9.0.5 OK for: rehype-stringify@10.0.1 want: ^9.0.0
708 silly placeDep ROOT mdast-util-gfm@3.1.0 OK for: remark-gfm@4.0.1 want: ^3.0.0
709 silly placeDep ROOT micromark-extension-gfm@3.0.0 OK for: remark-gfm@4.0.1 want: ^3.0.0
710 silly placeDep ROOT remark-stringify@11.0.0 OK for: remark-gfm@4.0.1 want: ^11.0.0
711 silly fetch manifest mdast-util-gfm-autolink-literal@^2.0.0
712 silly packumentCache full:https://registry.npmjs.org/mdast-util-gfm-autolink-literal cache-miss
713 silly fetch manifest mdast-util-gfm-footnote@^2.0.0
714 silly packumentCache full:https://registry.npmjs.org/mdast-util-gfm-footnote cache-miss
715 silly fetch manifest mdast-util-gfm-strikethrough@^2.0.0
716 silly packumentCache full:https://registry.npmjs.org/mdast-util-gfm-strikethrough cache-miss
717 silly fetch manifest mdast-util-gfm-table@^2.0.0
718 silly packumentCache full:https://registry.npmjs.org/mdast-util-gfm-table cache-miss
719 silly fetch manifest mdast-util-gfm-task-list-item@^2.0.0
720 silly packumentCache full:https://registry.npmjs.org/mdast-util-gfm-task-list-item cache-miss
721 silly fetch manifest micromark-extension-gfm-autolink-literal@^2.0.0
722 silly packumentCache full:https://registry.npmjs.org/micromark-extension-gfm-autolink-literal cache-miss
723 silly fetch manifest micromark-extension-gfm-footnote@^2.0.0
724 silly packumentCache full:https://registry.npmjs.org/micromark-extension-gfm-footnote cache-miss
725 http fetch GET 200 https://registry.npmjs.org/mdast-util-gfm-footnote 23ms (cache miss)
726 silly packumentCache full:https://registry.npmjs.org/mdast-util-gfm-footnote set size:undefined disposed:false
727 silly fetch manifest micromark-extension-gfm-strikethrough@^2.0.0
728 silly packumentCache full:https://registry.npmjs.org/micromark-extension-gfm-strikethrough cache-miss
729 http fetch GET 200 https://registry.npmjs.org/micromark-extension-gfm-footnote 25ms (cache miss)
730 silly packumentCache full:https://registry.npmjs.org/micromark-extension-gfm-footnote set size:undefined disposed:false
731 silly fetch manifest micromark-extension-gfm-table@^2.0.0
732 silly packumentCache full:https://registry.npmjs.org/micromark-extension-gfm-table cache-miss
733 http fetch GET 200 https://registry.npmjs.org/mdast-util-gfm-task-list-item 28ms (cache miss)
734 silly packumentCache full:https://registry.npmjs.org/mdast-util-gfm-task-list-item set size:undefined disposed:false
735 silly fetch manifest micromark-extension-gfm-tagfilter@^2.0.0
736 silly packumentCache full:https://registry.npmjs.org/micromark-extension-gfm-tagfilter cache-miss
737 http fetch GET 200 https://registry.npmjs.org/micromark-extension-gfm-autolink-literal 30ms (cache miss)
738 silly packumentCache full:https://registry.npmjs.org/micromark-extension-gfm-autolink-literal set size:undefined disposed:false
739 silly fetch manifest micromark-extension-gfm-task-list-item@^2.0.0
740 silly packumentCache full:https://registry.npmjs.org/micromark-extension-gfm-task-list-item cache-miss
741 http fetch GET 200 https://registry.npmjs.org/mdast-util-gfm-strikethrough 31ms (cache miss)
742 silly packumentCache full:https://registry.npmjs.org/mdast-util-gfm-strikethrough set size:undefined disposed:false
743 http fetch GET 200 https://registry.npmjs.org/mdast-util-gfm-table 31ms (cache miss)
744 silly packumentCache full:https://registry.npmjs.org/mdast-util-gfm-table set size:undefined disposed:false
745 http fetch GET 200 https://registry.npmjs.org/mdast-util-gfm-autolink-literal 34ms (cache miss)
746 silly packumentCache full:https://registry.npmjs.org/mdast-util-gfm-autolink-literal set size:undefined disposed:false
747 http fetch GET 200 https://registry.npmjs.org/micromark-extension-gfm-table 28ms (cache miss)
748 silly packumentCache full:https://registry.npmjs.org/micromark-extension-gfm-table set size:undefined disposed:false
749 http fetch GET 200 https://registry.npmjs.org/micromark-extension-gfm-strikethrough 29ms (cache miss)
750 silly packumentCache full:https://registry.npmjs.org/micromark-extension-gfm-strikethrough set size:undefined disposed:false
751 http fetch GET 200 https://registry.npmjs.org/micromark-extension-gfm-tagfilter 26ms (cache miss)
752 silly packumentCache full:https://registry.npmjs.org/micromark-extension-gfm-tagfilter set size:undefined disposed:false
753 http fetch GET 200 https://registry.npmjs.org/micromark-extension-gfm-task-list-item 26ms (cache miss)
754 silly packumentCache full:https://registry.npmjs.org/micromark-extension-gfm-task-list-item set size:undefined disposed:false
755 silly placeDep ROOT mdast-util-gfm-autolink-literal@2.0.1 OK for: mdast-util-gfm@3.1.0 want: ^2.0.0
756 silly placeDep ROOT mdast-util-gfm-footnote@2.1.0 OK for: mdast-util-gfm@3.1.0 want: ^2.0.0
757 silly placeDep ROOT mdast-util-gfm-strikethrough@2.0.0 OK for: mdast-util-gfm@3.1.0 want: ^2.0.0
758 silly placeDep ROOT mdast-util-gfm-table@2.0.0 OK for: mdast-util-gfm@3.1.0 want: ^2.0.0
759 silly placeDep ROOT mdast-util-gfm-task-list-item@2.0.0 OK for: mdast-util-gfm@3.1.0 want: ^2.0.0
760 silly fetch manifest mdast-util-find-and-replace@^3.0.0
761 silly packumentCache full:https://registry.npmjs.org/mdast-util-find-and-replace cache-miss
762 silly fetch manifest markdown-table@^3.0.0
763 silly packumentCache full:https://registry.npmjs.org/markdown-table cache-miss
764 http fetch GET 200 https://registry.npmjs.org/mdast-util-find-and-replace 27ms (cache miss)
765 silly packumentCache full:https://registry.npmjs.org/mdast-util-find-and-replace set size:undefined disposed:false
766 http fetch GET 200 https://registry.npmjs.org/markdown-table 32ms (cache miss)
767 silly packumentCache full:https://registry.npmjs.org/markdown-table set size:undefined disposed:false
768 silly placeDep ROOT mdast-util-find-and-replace@3.0.2 OK for: mdast-util-gfm-autolink-literal@2.0.1 want: ^3.0.0
769 silly fetch manifest escape-string-regexp@^5.0.0
770 silly packumentCache full:https://registry.npmjs.org/escape-string-regexp cache-miss
771 http fetch GET 200 https://registry.npmjs.org/escape-string-regexp 26ms (cache miss)
772 silly packumentCache full:https://registry.npmjs.org/escape-string-regexp set size:undefined disposed:false
773 silly placeDep node_modules/mdast-util-find-and-replace escape-string-regexp@5.0.0 OK for: mdast-util-find-and-replace@3.0.2 want: ^5.0.0
774 silly placeDep ROOT unist-util-visit-parents@6.0.2 OK for: mdast-util-find-and-replace@3.0.2 want: ^6.0.0
775 silly placeDep ROOT markdown-table@3.0.4 OK for: mdast-util-gfm-table@2.0.0 want: ^3.0.0
776 silly placeDep ROOT micromark-extension-gfm-autolink-literal@2.1.0 OK for: micromark-extension-gfm@3.0.0 want: ^2.0.0
777 silly placeDep ROOT micromark-extension-gfm-footnote@2.1.0 OK for: micromark-extension-gfm@3.0.0 want: ^2.0.0
778 silly placeDep ROOT micromark-extension-gfm-strikethrough@2.1.0 OK for: micromark-extension-gfm@3.0.0 want: ^2.0.0
779 silly placeDep ROOT micromark-extension-gfm-table@2.1.1 OK for: micromark-extension-gfm@3.0.0 want: ^2.0.0
780 silly placeDep ROOT micromark-extension-gfm-tagfilter@2.0.0 OK for: micromark-extension-gfm@3.0.0 want: ^2.0.0
781 silly placeDep ROOT micromark-extension-gfm-task-list-item@2.1.0 OK for: micromark-extension-gfm@3.0.0 want: ^2.0.0
782 silly placeDep ROOT character-entities-html4@2.1.0 OK for: stringify-entities@4.0.4 want: ^2.0.0
783 silly placeDep ROOT style-to-object@1.0.14 OK for: style-to-js@1.1.21 want: 1.0.14
784 silly fetch manifest inline-style-parser@0.2.7
785 silly packumentCache full:https://registry.npmjs.org/inline-style-parser cache-miss
786 http fetch GET 200 https://registry.npmjs.org/inline-style-parser 21ms (cache miss)
787 silly packumentCache full:https://registry.npmjs.org/inline-style-parser set size:undefined disposed:false
788 silly placeDep ROOT inline-style-parser@0.2.7 OK for: style-to-object@1.0.14 want: 0.2.7
789 silly placeDep ROOT bail@2.0.2 OK for: unified@11.0.5 want: ^2.0.0
790 silly placeDep ROOT extend@3.0.2 OK for: unified@11.0.5 want: ^3.0.0
791 silly placeDep ROOT is-plain-obj@4.1.0 OK for: unified@11.0.5 want: ^4.0.0
792 silly placeDep ROOT trough@2.2.0 OK for: unified@11.0.5 want: ^2.0.0
793 silly reify moves {}
794 verbose reify failed optional dependency /Users/xodn/Documents/capstoneDesign/capstone-design/node_modules/@tailwindcss/oxide-wasm32-wasi
795 silly reify mark deleted [
795 silly reify   '/Users/xodn/Documents/capstoneDesign/capstone-design/node_modules/@tailwindcss/oxide-wasm32-wasi'
795 silly reify ]
796 silly audit bulk request {
796 silly audit   '@alloc/quick-lru': [ '5.2.0' ],
796 silly audit   '@babel/code-frame': [ '7.29.0' ],
796 silly audit   '@babel/compat-data': [ '7.29.0' ],
796 silly audit   '@babel/core': [ '7.29.0' ],
796 silly audit   '@babel/generator': [ '7.29.1' ],
796 silly audit   '@babel/helper-compilation-targets': [ '7.28.6' ],
796 silly audit   '@babel/helper-globals': [ '7.28.0' ],
796 silly audit   '@babel/helper-module-imports': [ '7.28.6' ],
796 silly audit   '@babel/helper-module-transforms': [ '7.28.6' ],
796 silly audit   '@babel/helper-string-parser': [ '7.27.1' ],
796 silly audit   '@babel/helper-validator-identifier': [ '7.28.5' ],
796 silly audit   '@babel/helper-validator-option': [ '7.27.1' ],
796 silly audit   '@babel/helpers': [ '7.29.2' ],
796 silly audit   '@babel/parser': [ '7.29.2' ],
796 silly audit   '@babel/runtime': [ '7.29.2' ],
796 silly audit   '@babel/template': [ '7.28.6' ],
796 silly audit   '@babel/traverse': [ '7.29.0' ],
796 silly audit   '@babel/types': [ '7.29.0' ],
796 silly audit   '@emnapi/core': [ '1.9.2' ],
796 silly audit   '@emnapi/runtime': [ '1.9.2' ],
796 silly audit   '@emnapi/wasi-threads': [ '1.2.1' ],
796 silly audit   '@eslint-community/eslint-utils': [ '4.9.1' ],
796 silly audit   'eslint-visitor-keys': [ '3.4.3', '5.0.1', '4.2.1' ],
796 silly audit   '@eslint-community/regexpp': [ '4.12.2' ],
796 silly audit   '@eslint/config-array': [ '0.21.2' ],
796 silly audit   '@eslint/config-helpers': [ '0.4.2' ],
796 silly audit   '@eslint/core': [ '0.17.0' ],
796 silly audit   '@eslint/eslintrc': [ '3.3.5' ],
796 silly audit   '@eslint/js': [ '9.39.4' ],
796 silly audit   '@eslint/object-schema': [ '2.1.7' ],
796 silly audit   '@eslint/plugin-kit': [ '0.4.1' ],
796 silly audit   '@humanfs/core': [ '0.19.1' ],
796 silly audit   '@humanfs/node': [ '0.16.7' ],
796 silly audit   '@humanwhocodes/module-importer': [ '1.0.1' ],
796 silly audit   '@humanwhocodes/retry': [ '0.4.3' ],
796 silly audit   '@img/colour': [ '1.1.0' ],
796 silly audit   '@img/sharp-darwin-arm64': [ '0.34.5' ],
796 silly audit   '@img/sharp-darwin-x64': [ '0.34.5' ],
796 silly audit   '@img/sharp-libvips-darwin-arm64': [ '1.2.4' ],
796 silly audit   '@img/sharp-libvips-darwin-x64': [ '1.2.4' ],
796 silly audit   '@img/sharp-libvips-linux-arm': [ '1.2.4' ],
796 silly audit   '@img/sharp-libvips-linux-arm64': [ '1.2.4' ],
796 silly audit   '@img/sharp-libvips-linux-ppc64': [ '1.2.4' ],
796 silly audit   '@img/sharp-libvips-linux-riscv64': [ '1.2.4' ],
796 silly audit   '@img/sharp-libvips-linux-s390x': [ '1.2.4' ],
796 silly audit   '@img/sharp-libvips-linux-x64': [ '1.2.4' ],
796 silly audit   '@img/sharp-libvips-linuxmusl-arm64': [ '1.2.4' ],
796 silly audit   '@img/sharp-libvips-linuxmusl-x64': [ '1.2.4' ],
796 silly audit   '@img/sharp-linux-arm': [ '0.34.5' ],
796 silly audit   '@img/sharp-linux-arm64': [ '0.34.5' ],
796 silly audit   '@img/sharp-linux-ppc64': [ '0.34.5' ],
796 silly audit   '@img/sharp-linux-riscv64': [ '0.34.5' ],
796 silly audit   '@img/sharp-linux-s390x': [ '0.34.5' ],
796 silly audit   '@img/sharp-linux-x64': [ '0.34.5' ],
796 silly audit   '@img/sharp-linuxmusl-arm64': [ '0.34.5' ],
796 silly audit   '@img/sharp-linuxmusl-x64': [ '0.34.5' ],
796 silly audit   '@img/sharp-wasm32': [ '0.34.5' ],
796 silly audit   '@img/sharp-win32-arm64': [ '0.34.5' ],
796 silly audit   '@img/sharp-win32-ia32': [ '0.34.5' ],
796 silly audit   '@img/sharp-win32-x64': [ '0.34.5' ],
796 silly audit   '@jridgewell/gen-mapping': [ '0.3.13' ],
796 silly audit   '@jridgewell/remapping': [ '2.3.5' ],
796 silly audit   '@jridgewell/resolve-uri': [ '3.1.2' ],
796 silly audit   '@jridgewell/sourcemap-codec': [ '1.5.5' ],
796 silly audit   '@jridgewell/trace-mapping': [ '0.3.31' ],
796 silly audit   '@napi-rs/wasm-runtime': [ '0.2.12' ],
796 silly audit   '@next/env': [ '16.2.2' ],
796 silly audit   '@next/eslint-plugin-next': [ '16.2.2' ],
796 silly audit   '@next/swc-darwin-arm64': [ '16.2.2' ],
796 silly audit   '@next/swc-darwin-x64': [ '16.2.2' ],
796 silly audit   '@next/swc-linux-arm64-gnu': [ '16.2.2' ],
796 silly audit   '@next/swc-linux-arm64-musl': [ '16.2.2' ],
796 silly audit   '@next/swc-linux-x64-gnu': [ '16.2.2' ],
796 silly audit   '@next/swc-linux-x64-musl': [ '16.2.2' ],
796 silly audit   '@next/swc-win32-arm64-msvc': [ '16.2.2' ],
796 silly audit   '@next/swc-win32-x64-msvc': [ '16.2.2' ],
796 silly audit   '@nodelib/fs.scandir': [ '2.1.5' ],
796 silly audit   '@nodelib/fs.stat': [ '2.0.5' ],
796 silly audit   '@nodelib/fs.walk': [ '1.2.8' ],
796 silly audit   '@nolyfill/is-core-module': [ '1.0.39' ],
796 silly audit   '@panva/hkdf': [ '1.2.1' ],
796 silly audit   '@rtsao/scc': [ '1.1.0' ],
796 silly audit   '@swc/helpers': [ '0.5.15' ],
796 silly audit   '@tailwindcss/node': [ '4.2.2' ],
796 silly audit   '@tailwindcss/oxide': [ '4.2.2' ],
796 silly audit   '@tailwindcss/oxide-android-arm64': [ '4.2.2' ],
796 silly audit   '@tailwindcss/oxide-darwin-arm64': [ '4.2.2' ],
796 silly audit   '@tailwindcss/oxide-darwin-x64': [ '4.2.2' ],
796 silly audit   '@tailwindcss/oxide-freebsd-x64': [ '4.2.2' ],
796 silly audit   '@tailwindcss/oxide-linux-arm-gnueabihf': [ '4.2.2' ],
796 silly audit   '@tailwindcss/oxide-linux-arm64-gnu': [ '4.2.2' ],
796 silly audit   '@tailwindcss/oxide-linux-arm64-musl': [ '4.2.2' ],
796 silly audit   '@tailwindcss/oxide-linux-x64-gnu': [ '4.2.2' ],
796 silly audit   '@tailwindcss/oxide-linux-x64-musl': [ '4.2.2' ],
796 silly audit   '@tailwindcss/oxide-win32-arm64-msvc': [ '4.2.2' ],
796 silly audit   '@tailwindcss/oxide-win32-x64-msvc': [ '4.2.2' ],
796 silly audit   '@tailwindcss/postcss': [ '4.2.2' ],
796 silly audit   '@tybys/wasm-util': [ '0.10.1' ],
796 silly audit   '@types/estree': [ '1.0.8' ],
796 silly audit   '@types/json-schema': [ '7.0.15' ],
796 silly audit   '@types/json5': [ '0.0.29' ],
796 silly audit   '@types/node': [ '20.19.39' ],
796 silly audit   '@types/react': [ '19.2.14' ],
796 silly audit   '@types/react-dom': [ '19.2.3' ],
796 silly audit   '@typescript-eslint/eslint-plugin': [ '8.58.0' ],
796 silly audit   ignore: [ '7.0.5', '5.3.2' ],
796 silly audit   '@typescript-eslint/parser': [ '8.58.0' ],
796 silly audit   '@typescript-eslint/project-service': [ '8.58.0' ],
796 silly audit   '@typescript-eslint/scope-manager': [ '8.58.0' ],
796 silly audit   '@typescript-eslint/tsconfig-utils': [ '8.58.0' ],
796 silly audit   '@typescript-eslint/type-utils': [ '8.58.0' ],
796 silly audit   '@typescript-eslint/types': [ '8.58.0' ],
796 silly audit   '@typescript-eslint/typescript-estree': [ '8.58.0' ],
796 silly audit   'balanced-match': [ '4.0.4', '1.0.2' ],
796 silly audit   'brace-expansion': [ '5.0.5', '1.1.13' ],
796 silly audit   minimatch: [ '10.2.5', '3.1.5' ],
796 silly audit   semver: [ '7.7.4', '6.3.1' ],
796 silly audit   '@typescript-eslint/utils': [ '8.58.0' ],
796 silly audit   '@typescript-eslint/visitor-keys': [ '8.58.0' ],
796 silly audit   '@unrs/resolver-binding-android-arm-eabi': [ '1.11.1' ],
796 silly audit   '@unrs/resolver-binding-android-arm64': [ '1.11.1' ],
796 silly audit   '@unrs/resolver-binding-darwin-arm64': [ '1.11.1' ],
796 silly audit   '@unrs/resolver-binding-darwin-x64': [ '1.11.1' ],
796 silly audit   '@unrs/resolver-binding-freebsd-x64': [ '1.11.1' ],
796 silly audit   '@unrs/resolver-binding-linux-arm-gnueabihf': [ '1.11.1' ],
796 silly audit   '@unrs/resolver-binding-linux-arm-musleabihf': [ '1.11.1' ],
796 silly audit   '@unrs/resolver-binding-linux-arm64-gnu': [ '1.11.1' ],
796 silly audit   '@unrs/resolver-binding-linux-arm64-musl': [ '1.11.1' ],
796 silly audit   '@unrs/resolver-binding-linux-ppc64-gnu': [ '1.11.1' ],
796 silly audit   '@unrs/resolver-binding-linux-riscv64-gnu': [ '1.11.1' ],
796 silly audit   '@unrs/resolver-binding-linux-riscv64-musl': [ '1.11.1' ],
796 silly audit   '@unrs/resolver-binding-linux-s390x-gnu': [ '1.11.1' ],
796 silly audit   '@unrs/resolver-binding-linux-x64-gnu': [ '1.11.1' ],
796 silly audit   '@unrs/resolver-binding-linux-x64-musl': [ '1.11.1' ],
796 silly audit   '@unrs/resolver-binding-wasm32-wasi': [ '1.11.1' ],
796 silly audit   '@unrs/resolver-binding-win32-arm64-msvc': [ '1.11.1' ],
796 silly audit   '@unrs/resolver-binding-win32-ia32-msvc': [ '1.11.1' ],
796 silly audit   '@unrs/resolver-binding-win32-x64-msvc': [ '1.11.1' ],
796 silly audit   '@wojtekmaj/date-utils': [ '2.0.2' ],
796 silly audit   acorn: [ '8.16.0' ],
796 silly audit   'acorn-jsx': [ '5.3.2' ],
796 silly audit   ajv: [ '6.14.0' ],
796 silly audit   'ansi-escapes': [ '7.3.0' ],
796 silly audit   'ansi-regex': [ '6.2.2' ],
796 silly audit   'ansi-styles': [ '4.3.0', '6.2.3' ],
796 silly audit   argparse: [ '2.0.1' ],
796 silly audit   'aria-query': [ '5.3.2' ],
796 silly audit   'array-buffer-byte-length': [ '1.0.2' ],
796 silly audit   'array-includes': [ '3.1.9' ],
796 silly audit   'array.prototype.findlast': [ '1.2.5' ],
796 silly audit   'array.prototype.findlastindex': [ '1.2.6' ],
796 silly audit   'array.prototype.flat': [ '1.3.3' ],
796 silly audit   'array.prototype.flatmap': [ '1.3.3' ],
796 silly audit   'array.prototype.tosorted': [ '1.1.4' ],
796 silly audit   'arraybuffer.prototype.slice': [ '1.0.4' ],
796 silly audit   'ast-types-flow': [ '0.0.8' ],
796 silly audit   'async-function': [ '1.0.0' ],
796 silly audit   'available-typed-arrays': [ '1.0.7' ],
796 silly audit   'axe-core': [ '4.11.2' ],
796 silly audit   'axobject-query': [ '4.1.0' ],
796 silly audit   'baseline-browser-mapping': [ '2.10.16' ],
796 silly audit   braces: [ '3.0.3' ],
796 silly audit   browserslist: [ '4.28.2' ],
796 silly audit   'call-bind': [ '1.0.8' ],
796 silly audit   'call-bind-apply-helpers': [ '1.0.2' ],
796 silly audit   'call-bound': [ '1.0.4' ],
796 silly audit   callsites: [ '3.1.0' ],
796 silly audit   'caniuse-lite': [ '1.0.30001786' ],
796 silly audit   chalk: [ '4.1.2' ],
796 silly audit   'cli-cursor': [ '5.0.0' ],
796 silly audit   'cli-truncate': [ '5.2.0' ],
796 silly audit   'client-only': [ '0.0.1' ],
796 silly audit   clsx: [ '2.1.1' ],
796 silly audit   'color-convert': [ '2.0.1' ],
796 silly audit   'color-name': [ '1.1.4' ],
796 silly audit   colorette: [ '2.0.20' ],
796 silly audit   commander: [ '14.0.3' ],
796 silly audit   'concat-map': [ '0.0.1' ],
796 silly audit   'convert-source-map': [ '2.0.0' ],
796 silly audit   cookie: [ '0.7.2' ],
796 silly audit   'cross-spawn': [ '7.0.6' ],
796 silly audit   csstype: [ '3.2.3' ],
796 silly audit   'damerau-levenshtein': [ '1.0.8' ],
796 silly audit   'data-view-buffer': [ '1.0.2' ],
796 silly audit   'data-view-byte-length': [ '1.0.2' ],
796 silly audit   'data-view-byte-offset': [ '1.0.1' ],
796 silly audit   'date-fns': [ '4.1.0' ],
796 silly audit   debug: [ '4.4.3', '3.2.7' ],
796 silly audit   'deep-is': [ '0.1.4' ],
796 silly audit   'define-data-property': [ '1.1.4' ],
796 silly audit   'define-properties': [ '1.2.1' ],
796 silly audit   'detect-libc': [ '2.1.2' ],
796 silly audit   doctrine: [ '2.1.0' ],
796 silly audit   'dunder-proto': [ '1.0.1' ],
796 silly audit   'electron-to-chromium': [ '1.5.332' ],
796 silly audit   'emoji-regex': [ '9.2.2', '10.6.0' ],
796 silly audit   'enhanced-resolve': [ '5.20.1' ],
796 silly audit   environment: [ '1.1.0' ],
796 silly audit   'es-abstract': [ '1.24.1' ],
796 silly audit   'es-define-property': [ '1.0.1' ],
796 silly audit   'es-errors': [ '1.3.0' ],
796 silly audit   'es-iterator-helpers': [ '1.3.1' ],
796 silly audit   'es-object-atoms': [ '1.1.1' ],
796 silly audit   'es-set-tostringtag': [ '2.1.0' ],
796 silly audit   'es-shim-unscopables': [ '1.1.0' ],
796 silly audit   'es-to-primitive': [ '1.3.0' ],
796 silly audit   escalade: [ '3.2.0' ],
796 silly audit   'escape-string-regexp': [ '4.0.0', '5.0.0' ],
796 silly audit   eslint: [ '9.39.4' ],
796 silly audit   'eslint-config-next': [ '16.2.2' ],
796 silly audit   globals: [ '16.4.0', '14.0.0' ],
796 silly audit   'eslint-import-resolver-node': [ '0.3.10' ],
796 silly audit   'eslint-import-resolver-typescript': [ '3.10.1' ],
796 silly audit   'eslint-module-utils': [ '2.12.1' ],
796 silly audit   'eslint-plugin-import': [ '2.32.0' ],
796 silly audit   'eslint-plugin-jsx-a11y': [ '6.10.2' ],
796 silly audit   'eslint-plugin-react': [ '7.37.5' ],
796 silly audit   'eslint-plugin-react-hooks': [ '7.0.1' ],
796 silly audit   'eslint-scope': [ '8.4.0' ],
796 silly audit   espree: [ '10.4.0' ],
796 silly audit   esquery: [ '1.7.0' ],
796 silly audit   esrecurse: [ '4.3.0' ],
796 silly audit   estraverse: [ '5.3.0' ],
796 silly audit   esutils: [ '2.0.3' ],
796 silly audit   eventemitter3: [ '5.0.4' ],
796 silly audit   'fast-deep-equal': [ '3.1.3' ],
796 silly audit   'fast-glob': [ '3.3.1' ],
796 silly audit   'glob-parent': [ '5.1.2', '6.0.2' ],
796 silly audit   'fast-json-stable-stringify': [ '2.1.0' ],
796 silly audit   'fast-levenshtein': [ '2.0.6' ],
796 silly audit   fastq: [ '1.20.1' ],
796 silly audit   'file-entry-cache': [ '8.0.0' ],
796 silly audit   'fill-range': [ '7.1.1' ],
796 silly audit   'find-up': [ '5.0.0' ],
796 silly audit   'flat-cache': [ '4.0.1' ],
796 silly audit   flatted: [ '3.4.2' ],
796 silly audit   'for-each': [ '0.3.5' ],
796 silly audit   'function-bind': [ '1.1.2' ],
796 silly audit   'function.prototype.name': [ '1.1.8' ],
796 silly audit   'functions-have-names': [ '1.2.3' ],
796 silly audit   'generator-function': [ '2.0.1' ],
796 silly audit   gensync: [ '1.0.0-beta.2' ],
796 silly audit   'get-east-asian-width': [ '1.5.0' ],
796 silly audit   'get-intrinsic': [ '1.3.0' ],
796 silly audit   'get-proto': [ '1.0.1' ],
796 silly audit   'get-symbol-description': [ '1.1.0' ],
796 silly audit   'get-tsconfig': [ '4.13.7' ],
796 silly audit   'get-user-locale': [ '3.0.0' ],
796 silly audit   globalthis: [ '1.0.4' ],
796 silly audit   gopd: [ '1.2.0' ],
796 silly audit   'graceful-fs': [ '4.2.11' ],
796 silly audit   'has-bigints': [ '1.1.0' ],
796 silly audit   'has-flag': [ '4.0.0' ],
796 silly audit   'has-property-descriptors': [ '1.0.2' ],
796 silly audit   'has-proto': [ '1.2.0' ],
796 silly audit   'has-symbols': [ '1.1.0' ],
796 silly audit   'has-tostringtag': [ '1.0.2' ],
796 silly audit   hasown: [ '2.0.2' ],
796 silly audit   'hermes-estree': [ '0.25.1' ],
796 silly audit   'hermes-parser': [ '0.25.1' ],
796 silly audit   husky: [ '9.1.7' ],
796 silly audit   'import-fresh': [ '3.3.1' ],
796 silly audit   imurmurhash: [ '0.1.4' ],
796 silly audit   'internal-slot': [ '1.1.0' ],
796 silly audit   'is-array-buffer': [ '3.0.5' ],
796 silly audit   'is-async-function': [ '2.1.1' ],
796 silly audit   'is-bigint': [ '1.1.0' ],
796 silly audit   'is-boolean-object': [ '1.2.2' ],
796 silly audit   'is-bun-module': [ '2.0.0' ],
796 silly audit   'is-callable': [ '1.2.7' ],
796 silly audit   'is-core-module': [ '2.16.1' ],
796 silly audit   'is-data-view': [ '1.0.2' ],
796 silly audit   'is-date-object': [ '1.1.0' ],
796 silly audit   'is-extglob': [ '2.1.1' ],
796 silly audit   'is-finalizationregistry': [ '1.1.1' ],
796 silly audit   'is-fullwidth-code-point': [ '5.1.0' ],
796 silly audit   'is-generator-function': [ '1.1.2' ],
796 silly audit   'is-glob': [ '4.0.3' ],
796 silly audit   'is-map': [ '2.0.3' ],
796 silly audit   'is-negative-zero': [ '2.0.3' ],
796 silly audit   'is-number': [ '7.0.0' ],
796 silly audit   'is-number-object': [ '1.1.1' ],
796 silly audit   'is-regex': [ '1.2.1' ],
796 silly audit   'is-set': [ '2.0.3' ],
796 silly audit   'is-shared-array-buffer': [ '1.0.4' ],
796 silly audit   'is-string': [ '1.1.1' ],
796 silly audit   'is-symbol': [ '1.1.1' ],
796 silly audit   'is-typed-array': [ '1.1.15' ],
796 silly audit   'is-weakmap': [ '2.0.2' ],
796 silly audit   'is-weakref': [ '1.1.1' ],
796 silly audit   'is-weakset': [ '2.0.4' ],
796 silly audit   isarray: [ '2.0.5' ],
796 silly audit   isexe: [ '2.0.0' ],
796 silly audit   'iterator.prototype': [ '1.1.5' ],
796 silly audit   jiti: [ '2.6.1' ],
796 silly audit   jose: [ '4.15.9' ],
796 silly audit   'js-tokens': [ '4.0.0' ],
796 silly audit   'js-yaml': [ '4.1.1' ],
796 silly audit   jsesc: [ '3.1.0' ],
796 silly audit   'json-buffer': [ '3.0.1' ],
796 silly audit   'json-schema-traverse': [ '0.4.1' ],
796 silly audit   'json-stable-stringify-without-jsonify': [ '1.0.1' ],
796 silly audit   json5: [ '2.2.3', '1.0.2' ],
796 silly audit   'jsx-ast-utils': [ '3.3.5' ],
796 silly audit   keyv: [ '4.5.4' ],
796 silly audit   'language-subtag-registry': [ '0.3.23' ],
796 silly audit   'language-tags': [ '1.0.9' ],
796 silly audit   levn: [ '0.4.1' ],
796 silly audit   lightningcss: [ '1.32.0' ],
796 silly audit   'lightningcss-android-arm64': [ '1.32.0' ],
796 silly audit   'lightningcss-darwin-arm64': [ '1.32.0' ],
796 silly audit   'lightningcss-darwin-x64': [ '1.32.0' ],
796 silly audit   'lightningcss-freebsd-x64': [ '1.32.0' ],
796 silly audit   'lightningcss-linux-arm-gnueabihf': [ '1.32.0' ],
796 silly audit   'lightningcss-linux-arm64-gnu': [ '1.32.0' ],
796 silly audit   'lightningcss-linux-arm64-musl': [ '1.32.0' ],
796 silly audit   'lightningcss-linux-x64-gnu': [ '1.32.0' ],
796 silly audit   'lightningcss-linux-x64-musl': [ '1.32.0' ],
796 silly audit   'lightningcss-win32-arm64-msvc': [ '1.32.0' ],
796 silly audit   'lightningcss-win32-x64-msvc': [ '1.32.0' ],
796 silly audit   'lint-staged': [ '16.4.0' ],
796 silly audit   picomatch: [ '4.0.4', '2.3.2' ],
796 silly audit   listr2: [ '9.0.5' ],
796 silly audit   'locate-path': [ '6.0.0' ],
796 silly audit   'lodash.merge': [ '4.6.2' ],
796 silly audit   'log-update': [ '6.1.0' ],
796 silly audit   'slice-ansi': [ '7.1.2', '8.0.0' ],
796 silly audit   'loose-envify': [ '1.4.0' ],
796 silly audit   'lru-cache': [ '5.1.1', '6.0.0' ],
796 silly audit   'lucide-react': [ '1.8.0' ],
796 silly audit   'magic-string': [ '0.30.21' ],
796 silly audit   'math-intrinsics': [ '1.1.0' ],
796 silly audit   memoize: [ '10.2.0' ],
796 silly audit   merge2: [ '1.4.1' ],
796 silly audit   micromatch: [ '4.0.8' ],
796 silly audit   'mimic-function': [ '5.0.1' ],
796 silly audit   minimist: [ '1.2.8' ],
796 silly audit   ms: [ '2.1.3' ],
796 silly audit   nanoid: [ '3.3.11' ],
796 silly audit   'napi-postinstall': [ '0.3.4' ],
796 silly audit   'natural-compare': [ '1.4.0' ],
796 silly audit   next: [ '16.2.2' ],
796 silly audit   'next-auth': [ '4.24.13' ],
796 silly audit   postcss: [ '8.4.31', '8.5.8' ],
796 silly audit   'node-exports-info': [ '1.6.0' ],
796 silly audit   'node-releases': [ '2.0.37' ],
796 silly audit   oauth: [ '0.9.15' ],
796 silly audit   'object-assign': [ '4.1.1' ],
796 silly audit   'object-hash': [ '2.2.0' ],
796 silly audit   'object-inspect': [ '1.13.4' ],
796 silly audit   'object-keys': [ '1.1.1' ],
796 silly audit   'object.assign': [ '4.1.7' ],
796 silly audit   'object.entries': [ '1.1.9' ],
796 silly audit   'object.fromentries': [ '2.0.8' ],
796 silly audit   'object.groupby': [ '1.0.3' ],
796 silly audit   'object.values': [ '1.2.1' ],
796 silly audit   'oidc-token-hash': [ '5.2.0' ],
796 silly audit   onetime: [ '7.0.0' ],
796 silly audit   'openid-client': [ '5.7.1' ],
796 silly audit   yallist: [ '4.0.0', '3.1.1' ],
796 silly audit   optionator: [ '0.9.4' ],
796 silly audit   'own-keys': [ '1.0.1' ],
796 silly audit   'p-limit': [ '3.1.0' ],
796 silly audit   'p-locate': [ '5.0.0' ],
796 silly audit   'parent-module': [ '1.0.1' ],
796 silly audit   'path-exists': [ '4.0.0' ],
796 silly audit   'path-key': [ '3.1.1' ],
796 silly audit   'path-parse': [ '1.0.7' ],
796 silly audit   picocolors: [ '1.1.1' ],
796 silly audit   'possible-typed-array-names': [ '1.1.0' ],
796 silly audit   preact: [ '10.29.1' ],
796 silly audit   'preact-render-to-string': [ '5.2.6' ],
796 silly audit   'prelude-ls': [ '1.2.1' ],
796 silly audit   'pretty-format': [ '3.8.0' ],
796 silly audit   'prop-types': [ '15.8.1' ],
796 silly audit   punycode: [ '2.3.1' ],
796 silly audit   'queue-microtask': [ '1.2.3' ],
796 silly audit   react: [ '19.2.4' ],
796 silly audit   'react-calendar': [ '6.0.1' ],
796 silly audit   'react-dom': [ '19.2.4' ],
796 silly audit   'react-is': [ '16.13.1' ],
796 silly audit   'reflect.getprototypeof': [ '1.0.10' ],
796 silly audit   'regexp.prototype.flags': [ '1.5.4' ],
796 silly audit   resolve: [ '2.0.0-next.6' ],
796 silly audit   'resolve-from': [ '4.0.0' ],
796 silly audit   'resolve-pkg-maps': [ '1.0.0' ],
796 silly audit   'restore-cursor': [ '5.1.0' ],
796 silly audit   reusify: [ '1.1.0' ],
796 silly audit   rfdc: [ '1.4.1' ],
796 silly audit   'run-parallel': [ '1.2.0' ],
796 silly audit   'safe-array-concat': [ '1.1.3' ],
796 silly audit   'safe-push-apply': [ '1.0.0' ],
796 silly audit   'safe-regex-test': [ '1.1.0' ],
796 silly audit   scheduler: [ '0.27.0' ],
796 silly audit   'set-function-length': [ '1.2.2' ],
796 silly audit   'set-function-name': [ '2.0.2' ],
796 silly audit   'set-proto': [ '1.0.0' ],
796 silly audit   sharp: [ '0.34.5' ],
796 silly audit   'shebang-command': [ '2.0.0' ],
796 silly audit   'shebang-regex': [ '3.0.0' ],
796 silly audit   'side-channel': [ '1.1.0' ],
796 silly audit   'side-channel-list': [ '1.0.0' ],
796 silly audit   'side-channel-map': [ '1.0.1' ],
796 silly audit   'side-channel-weakmap': [ '1.0.2' ],
796 silly audit   'signal-exit': [ '4.1.0' ],
796 silly audit   'source-map-js': [ '1.2.1' ],
796 silly audit   'stable-hash': [ '0.0.5' ],
796 silly audit   'stop-iteration-iterator': [ '1.1.0' ],
796 silly audit   'string-argv': [ '0.3.2' ],
796 silly audit   'string-width': [ '8.2.0', '7.2.0' ],
796 silly audit   'string.prototype.includes': [ '2.0.1' ],
796 silly audit   'string.prototype.matchall': [ '4.0.12' ],
796 silly audit   'string.prototype.repeat': [ '1.0.0' ],
796 silly audit   'string.prototype.trim': [ '1.2.10' ],
796 silly audit   'string.prototype.trimend': [ '1.0.9' ],
796 silly audit   'string.prototype.trimstart': [ '1.0.8' ],
796 silly audit   'strip-ansi': [ '7.2.0' ],
796 silly audit   'strip-bom': [ '3.0.0' ],
796 silly audit   'strip-json-comments': [ '3.1.1' ],
796 silly audit   'styled-jsx': [ '5.1.6' ],
796 silly audit   'supports-color': [ '7.2.0' ],
796 silly audit   'supports-preserve-symlinks-flag': [ '1.0.0' ],
796 silly audit   tailwindcss: [ '4.2.2' ],
796 silly audit   tapable: [ '2.3.2' ],
796 silly audit   tinyexec: [ '1.1.1' ],
796 silly audit   tinyglobby: [ '0.2.15' ],
796 silly audit   fdir: [ '6.5.0' ],
796 silly audit   'to-regex-range': [ '5.0.1' ],
796 silly audit   'ts-api-utils': [ '2.5.0' ],
796 silly audit   'tsconfig-paths': [ '3.15.0' ],
796 silly audit   tslib: [ '2.8.1' ],
796 silly audit   'type-check': [ '0.4.0' ],
796 silly audit   'typed-array-buffer': [ '1.0.3' ],
796 silly audit   'typed-array-byte-length': [ '1.0.3' ],
796 silly audit   'typed-array-byte-offset': [ '1.0.4' ],
796 silly audit   'typed-array-length': [ '1.0.7' ],
796 silly audit   typescript: [ '5.9.3' ],
796 silly audit   'typescript-eslint': [ '8.58.0' ],
796 silly audit   'unbox-primitive': [ '1.1.0' ],
796 silly audit   'undici-types': [ '6.21.0' ],
796 silly audit   'unrs-resolver': [ '1.11.1' ],
796 silly audit   'update-browserslist-db': [ '1.2.3' ],
796 silly audit   'uri-js': [ '4.4.1' ],
796 silly audit   uuid: [ '8.3.2' ],
796 silly audit   warning: [ '4.0.3' ],
796 silly audit   which: [ '2.0.2' ],
796 silly audit   'which-boxed-primitive': [ '1.1.1' ],
796 silly audit   'which-builtin-type': [ '1.2.1' ],
796 silly audit   'which-collection': [ '1.0.2' ],
796 silly audit   'which-typed-array': [ '1.1.20' ],
796 silly audit   'word-wrap': [ '1.2.5' ],
796 silly audit   'wrap-ansi': [ '9.0.2' ],
796 silly audit   yaml: [ '2.8.3' ],
796 silly audit   'yocto-queue': [ '0.1.0' ],
796 silly audit   zod: [ '4.3.6' ],
796 silly audit   'zod-validation-error': [ '4.0.2' ],
796 silly audit   '@uiw/react-md-editor': [ '4.1.1' ],
796 silly audit   '@uiw/react-markdown-preview': [ '5.2.1' ],
796 silly audit   rehype: [ '13.0.2' ],
796 silly audit   'rehype-prism-plus': [ '2.0.2' ],
796 silly audit   '@uiw/copy-to-clipboard': [ '1.0.21' ],
796 silly audit   'react-markdown': [ '10.1.0' ],
796 silly audit   'rehype-attr': [ '4.0.2' ],
796 silly audit   'rehype-autolink-headings': [ '7.1.0' ],
796 silly audit   'rehype-ignore': [ '2.0.3' ],
796 silly audit   'rehype-raw': [ '7.0.0' ],
796 silly audit   'rehype-rewrite': [ '4.0.4' ],
796 silly audit   'rehype-slug': [ '6.0.0' ],
796 silly audit   'remark-gfm': [ '4.0.1' ],
796 silly audit   'remark-github-blockquote-alert': [ '1.3.1' ],
796 silly audit   'unist-util-visit': [ '5.1.0', '5.0.0' ],
796 silly audit   '@types/hast': [ '3.0.4' ],
796 silly audit   '@types/mdast': [ '4.0.4' ],
796 silly audit   devlop: [ '1.1.0' ],
796 silly audit   'hast-util-to-jsx-runtime': [ '2.3.6' ],
796 silly audit   'html-url-attributes': [ '3.0.1' ],
796 silly audit   'mdast-util-to-hast': [ '13.2.1' ],
796 silly audit   'remark-parse': [ '11.0.0' ],
796 silly audit   'remark-rehype': [ '11.1.2' ],
796 silly audit   unified: [ '11.0.5' ],
796 silly audit   vfile: [ '6.0.3' ],
796 silly audit   '@types/unist': [ '3.0.3', '2.0.11' ],
796 silly audit   dequal: [ '2.0.3' ],
796 silly audit   'comma-separated-tokens': [ '2.0.3' ],
796 silly audit   'estree-util-is-identifier-name': [ '3.0.0' ],
796 silly audit   'hast-util-whitespace': [ '3.0.0' ],
796 silly audit   'mdast-util-mdx-expression': [ '2.0.1' ],
796 silly audit   'mdast-util-mdx-jsx': [ '3.2.0' ],
796 silly audit   'mdast-util-mdxjs-esm': [ '2.0.1' ],
796 silly audit   'property-information': [ '7.1.0' ],
796 silly audit   'space-separated-tokens': [ '2.0.2' ],
796 silly audit   'style-to-js': [ '1.1.21' ],
796 silly audit   'unist-util-position': [ '5.0.0' ],
796 silly audit   'vfile-message': [ '4.0.3' ],
796 silly audit   '@types/estree-jsx': [ '1.0.5' ],
796 silly audit   'mdast-util-from-markdown': [ '2.0.3' ],
796 silly audit   'mdast-util-to-markdown': [ '2.1.2' ],
796 silly audit   'decode-named-character-reference': [ '1.3.0' ],
796 silly audit   'mdast-util-to-string': [ '4.0.0' ],
796 silly audit   micromark: [ '4.0.2' ],
796 silly audit   'micromark-util-decode-numeric-character-reference': [ '2.0.2' ],
796 silly audit   'micromark-util-decode-string': [ '2.0.1' ],
796 silly audit   'micromark-util-normalize-identifier': [ '2.0.1' ],
796 silly audit   'micromark-util-symbol': [ '2.0.1' ],
796 silly audit   'micromark-util-types': [ '2.0.2' ],
796 silly audit   'unist-util-stringify-position': [ '4.0.0' ],
796 silly audit   'character-entities': [ '2.0.2' ],
796 silly audit   ccount: [ '2.0.1' ],
796 silly audit   'parse-entities': [ '4.0.2' ],
796 silly audit   'stringify-entities': [ '4.0.4' ],
796 silly audit   '@ungap/structured-clone': [ '1.3.1' ],
796 silly audit   'micromark-util-sanitize-uri': [ '2.0.1' ],
796 silly audit   'trim-lines': [ '3.0.1' ],
796 silly audit   'longest-streak': [ '3.1.0' ],
796 silly audit   'mdast-util-phrasing': [ '4.1.0' ],
796 silly audit   'micromark-util-classify-character': [ '2.0.1' ],
796 silly audit   zwitch: [ '2.0.4' ],
796 silly audit   'unist-util-is': [ '6.0.1' ],
796 silly audit   '@types/debug': [ '4.1.13' ],
796 silly audit   'micromark-core-commonmark': [ '2.0.3' ],
796 silly audit   'micromark-factory-space': [ '2.0.1' ],
796 silly audit   'micromark-util-character': [ '2.1.1' ],
796 silly audit   'micromark-util-chunked': [ '2.0.1' ],
796 silly audit   'micromark-util-combine-extensions': [ '2.0.1' ],
796 silly audit   'micromark-util-encode': [ '2.0.1' ],
796 silly audit   'micromark-util-resolve-all': [ '2.0.1' ],
796 silly audit   'micromark-util-subtokenize': [ '2.1.0' ],
796 silly audit   '@types/ms': [ '2.1.0' ],
796 silly audit   'micromark-factory-destination': [ '2.0.1' ],
796 silly audit   'micromark-factory-label': [ '2.0.1' ],
796 silly audit   'micromark-factory-title': [ '2.0.1' ],
796 silly audit   'micromark-factory-whitespace': [ '2.0.1' ],
796 silly audit   'micromark-util-html-tag-name': [ '2.0.1' ],
796 silly audit   'character-entities-legacy': [ '3.0.0' ],
796 silly audit   'character-reference-invalid': [ '2.0.1' ],
796 silly audit   'is-alphanumerical': [ '2.0.1' ],
796 silly audit   'is-decimal': [ '2.0.1' ],
796 silly audit   'is-hexadecimal': [ '2.0.1' ],
796 silly audit   'is-alphabetical': [ '2.0.1' ],
796 silly audit   'rehype-parse': [ '9.0.1' ],
796 silly audit   'rehype-stringify': [ '10.0.1' ],
796 silly audit   'hast-util-heading-rank': [ '3.0.0' ],
796 silly audit   'hast-util-is-element': [ '3.0.0' ],
796 silly audit   'hast-util-select': [ '6.0.4' ],
796 silly audit   'bcp-47-match': [ '2.0.3' ],
796 silly audit   'css-selector-parser': [ '3.3.0' ],
796 silly audit   direction: [ '2.0.1' ],
796 silly audit   'hast-util-has-property': [ '3.0.0' ],
796 silly audit   'hast-util-to-string': [ '3.0.1' ],
796 silly audit   'nth-check': [ '2.1.1' ],
796 silly audit   boolbase: [ '1.0.0' ],
796 silly audit   'hast-util-from-html': [ '2.0.3' ],
796 silly audit   'hast-util-from-parse5': [ '8.0.3' ],
796 silly audit   parse5: [ '7.3.0' ],
796 silly audit   hastscript: [ '9.0.1' ],
796 silly audit   'vfile-location': [ '5.0.3' ],
796 silly audit   'web-namespaces': [ '2.0.1' ],
796 silly audit   'hast-util-parse-selector': [ '4.0.0' ],
796 silly audit   entities: [ '6.0.1' ],
796 silly audit   'parse-numeric-range': [ '1.3.0' ],
796 silly audit   refractor: [ '5.0.0' ],
796 silly audit   'unist-util-filter': [ '5.0.1' ],
796 silly audit   '@types/prismjs': [ '1.26.6' ],
796 silly audit   'hast-util-raw': [ '9.1.0' ],
796 silly audit   'hast-util-to-parse5': [ '8.0.1' ],
796 silly audit   'html-void-elements': [ '3.0.0' ],
796 silly audit   'github-slugger': [ '2.0.0' ],
796 silly audit   'hast-util-to-html': [ '9.0.5' ],
796 silly audit   'mdast-util-gfm': [ '3.1.0' ],
796 silly audit   'micromark-extension-gfm': [ '3.0.0' ],
796 silly audit   'remark-stringify': [ '11.0.0' ],
796 silly audit   'mdast-util-gfm-autolink-literal': [ '2.0.1' ],
796 silly audit   'mdast-util-gfm-footnote': [ '2.1.0' ],
796 silly audit   'mdast-util-gfm-strikethrough': [ '2.0.0' ],
796 silly audit   'mdast-util-gfm-table': [ '2.0.0' ],
796 silly audit   'mdast-util-gfm-task-list-item': [ '2.0.0' ],
796 silly audit   'mdast-util-find-and-replace': [ '3.0.2' ],
796 silly audit   'unist-util-visit-parents': [ '6.0.2' ],
796 silly audit   'markdown-table': [ '3.0.4' ],
796 silly audit   'micromark-extension-gfm-autolink-literal': [ '2.1.0' ],
796 silly audit   'micromark-extension-gfm-footnote': [ '2.1.0' ],
796 silly audit   'micromark-extension-gfm-strikethrough': [ '2.1.0' ],
796 silly audit   'micromark-extension-gfm-table': [ '2.1.1' ],
796 silly audit   'micromark-extension-gfm-tagfilter': [ '2.0.0' ],
796 silly audit   'micromark-extension-gfm-task-list-item': [ '2.1.0' ],
796 silly audit   'character-entities-html4': [ '2.1.0' ],
796 silly audit   'style-to-object': [ '1.0.14' ],
796 silly audit   'inline-style-parser': [ '0.2.7' ],
796 silly audit   bail: [ '2.0.2' ],
796 silly audit   extend: [ '3.0.2' ],
796 silly audit   'is-plain-obj': [ '4.1.0' ],
796 silly audit   trough: [ '2.2.0' ],
796 silly audit   '@tailwindcss/oxide-wasm32-wasi': [ '4.2.2' ]
796 silly audit }
797 verbose reify failed optional dependency /Users/xodn/Documents/capstoneDesign/capstone-design/node_modules/lightningcss-win32-x64-msvc
798 silly reify mark deleted [
798 silly reify   '/Users/xodn/Documents/capstoneDesign/capstone-design/node_modules/lightningcss-win32-x64-msvc'
798 silly reify ]
799 verbose reify failed optional dependency /Users/xodn/Documents/capstoneDesign/capstone-design/node_modules/lightningcss-win32-arm64-msvc
800 silly reify mark deleted [
800 silly reify   '/Users/xodn/Documents/capstoneDesign/capstone-design/node_modules/lightningcss-win32-arm64-msvc'
800 silly reify ]
801 verbose reify failed optional dependency /Users/xodn/Documents/capstoneDesign/capstone-design/node_modules/lightningcss-linux-x64-musl
802 silly reify mark deleted [
802 silly reify   '/Users/xodn/Documents/capstoneDesign/capstone-design/node_modules/lightningcss-linux-x64-musl'
802 silly reify ]
803 verbose reify failed optional dependency /Users/xodn/Documents/capstoneDesign/capstone-design/node_modules/lightningcss-linux-x64-gnu
804 silly reify mark deleted [
804 silly reify   '/Users/xodn/Documents/capstoneDesign/capstone-design/node_modules/lightningcss-linux-x64-gnu'
804 silly reify ]
805 verbose reify failed optional dependency /Users/xodn/Documents/capstoneDesign/capstone-design/node_modules/lightningcss-linux-arm64-musl
806 silly reify mark deleted [
806 silly reify   '/Users/xodn/Documents/capstoneDesign/capstone-design/node_modules/lightningcss-linux-arm64-musl'
806 silly reify ]
807 verbose reify failed optional dependency /Users/xodn/Documents/capstoneDesign/capstone-design/node_modules/lightningcss-linux-arm64-gnu
808 silly reify mark deleted [
808 silly reify   '/Users/xodn/Documents/capstoneDesign/capstone-design/node_modules/lightningcss-linux-arm64-gnu'
808 silly reify ]
809 verbose reify failed optional dependency /Users/xodn/Documents/capstoneDesign/capstone-design/node_modules/lightningcss-linux-arm-gnueabihf
810 silly reify mark deleted [
810 silly reify   '/Users/xodn/Documents/capstoneDesign/capstone-design/node_modules/lightningcss-linux-arm-gnueabihf'
810 silly reify ]
811 verbose reify failed optional dependency /Users/xodn/Documents/capstoneDesign/capstone-design/node_modules/lightningcss-freebsd-x64
812 silly reify mark deleted [
812 silly reify   '/Users/xodn/Documents/capstoneDesign/capstone-design/node_modules/lightningcss-freebsd-x64'
812 silly reify ]
813 verbose reify failed optional dependency /Users/xodn/Documents/capstoneDesign/capstone-design/node_modules/lightningcss-darwin-x64
814 silly reify mark deleted [
814 silly reify   '/Users/xodn/Documents/capstoneDesign/capstone-design/node_modules/lightningcss-darwin-x64'
814 silly reify ]
815 verbose reify failed optional dependency /Users/xodn/Documents/capstoneDesign/capstone-design/node_modules/lightningcss-android-arm64
816 silly reify mark deleted [
816 silly reify   '/Users/xodn/Documents/capstoneDesign/capstone-design/node_modules/lightningcss-android-arm64'
816 silly reify ]
817 verbose reify failed optional dependency /Users/xodn/Documents/capstoneDesign/capstone-design/node_modules/@unrs/resolver-binding-win32-x64-msvc
818 silly reify mark deleted [
818 silly reify   '/Users/xodn/Documents/capstoneDesign/capstone-design/node_modules/@unrs/resolver-binding-win32-x64-msvc'
818 silly reify ]
819 verbose reify failed optional dependency /Users/xodn/Documents/capstoneDesign/capstone-design/node_modules/@unrs/resolver-binding-win32-ia32-msvc
820 silly reify mark deleted [
820 silly reify   '/Users/xodn/Documents/capstoneDesign/capstone-design/node_modules/@unrs/resolver-binding-win32-ia32-msvc'
820 silly reify ]
821 verbose reify failed optional dependency /Users/xodn/Documents/capstoneDesign/capstone-design/node_modules/@unrs/resolver-binding-win32-arm64-msvc
822 silly reify mark deleted [
822 silly reify   '/Users/xodn/Documents/capstoneDesign/capstone-design/node_modules/@unrs/resolver-binding-win32-arm64-msvc'
822 silly reify ]
823 verbose reify failed optional dependency /Users/xodn/Documents/capstoneDesign/capstone-design/node_modules/@unrs/resolver-binding-wasm32-wasi
824 silly reify mark deleted [
824 silly reify   '/Users/xodn/Documents/capstoneDesign/capstone-design/node_modules/@unrs/resolver-binding-wasm32-wasi'
824 silly reify ]
825 verbose reify failed optional dependency /Users/xodn/Documents/capstoneDesign/capstone-design/node_modules/@unrs/resolver-binding-linux-x64-musl
826 silly reify mark deleted [
826 silly reify   '/Users/xodn/Documents/capstoneDesign/capstone-design/node_modules/@unrs/resolver-binding-linux-x64-musl'
826 silly reify ]
827 verbose reify failed optional dependency /Users/xodn/Documents/capstoneDesign/capstone-design/node_modules/@unrs/resolver-binding-linux-x64-gnu
828 silly reify mark deleted [
828 silly reify   '/Users/xodn/Documents/capstoneDesign/capstone-design/node_modules/@unrs/resolver-binding-linux-x64-gnu'
828 silly reify ]
829 verbose reify failed optional dependency /Users/xodn/Documents/capstoneDesign/capstone-design/node_modules/@unrs/resolver-binding-linux-s390x-gnu
830 silly reify mark deleted [
830 silly reify   '/Users/xodn/Documents/capstoneDesign/capstone-design/node_modules/@unrs/resolver-binding-linux-s390x-gnu'
830 silly reify ]
831 verbose reify failed optional dependency /Users/xodn/Documents/capstoneDesign/capstone-design/node_modules/@unrs/resolver-binding-linux-riscv64-musl
832 silly reify mark deleted [
832 silly reify   '/Users/xodn/Documents/capstoneDesign/capstone-design/node_modules/@unrs/resolver-binding-linux-riscv64-musl'
832 silly reify ]
833 verbose reify failed optional dependency /Users/xodn/Documents/capstoneDesign/capstone-design/node_modules/@unrs/resolver-binding-linux-riscv64-gnu
834 silly reify mark deleted [
834 silly reify   '/Users/xodn/Documents/capstoneDesign/capstone-design/node_modules/@unrs/resolver-binding-linux-riscv64-gnu'
834 silly reify ]
835 verbose reify failed optional dependency /Users/xodn/Documents/capstoneDesign/capstone-design/node_modules/@unrs/resolver-binding-linux-ppc64-gnu
836 silly reify mark deleted [
836 silly reify   '/Users/xodn/Documents/capstoneDesign/capstone-design/node_modules/@unrs/resolver-binding-linux-ppc64-gnu'
836 silly reify ]
837 verbose reify failed optional dependency /Users/xodn/Documents/capstoneDesign/capstone-design/node_modules/@unrs/resolver-binding-linux-arm64-musl
838 silly reify mark deleted [
838 silly reify   '/Users/xodn/Documents/capstoneDesign/capstone-design/node_modules/@unrs/resolver-binding-linux-arm64-musl'
838 silly reify ]
839 verbose reify failed optional dependency /Users/xodn/Documents/capstoneDesign/capstone-design/node_modules/@unrs/resolver-binding-linux-arm64-gnu
840 silly reify mark deleted [
840 silly reify   '/Users/xodn/Documents/capstoneDesign/capstone-design/node_modules/@unrs/resolver-binding-linux-arm64-gnu'
840 silly reify ]
841 verbose reify failed optional dependency /Users/xodn/Documents/capstoneDesign/capstone-design/node_modules/@unrs/resolver-binding-linux-arm-musleabihf
842 silly reify mark deleted [
842 silly reify   '/Users/xodn/Documents/capstoneDesign/capstone-design/node_modules/@unrs/resolver-binding-linux-arm-musleabihf'
842 silly reify ]
843 verbose reify failed optional dependency /Users/xodn/Documents/capstoneDesign/capstone-design/node_modules/@unrs/resolver-binding-linux-arm-gnueabihf
844 silly reify mark deleted [
844 silly reify   '/Users/xodn/Documents/capstoneDesign/capstone-design/node_modules/@unrs/resolver-binding-linux-arm-gnueabihf'
844 silly reify ]
845 verbose reify failed optional dependency /Users/xodn/Documents/capstoneDesign/capstone-design/node_modules/@unrs/resolver-binding-freebsd-x64
846 silly reify mark deleted [
846 silly reify   '/Users/xodn/Documents/capstoneDesign/capstone-design/node_modules/@unrs/resolver-binding-freebsd-x64'
846 silly reify ]
847 verbose reify failed optional dependency /Users/xodn/Documents/capstoneDesign/capstone-design/node_modules/@unrs/resolver-binding-darwin-x64
848 silly reify mark deleted [
848 silly reify   '/Users/xodn/Documents/capstoneDesign/capstone-design/node_modules/@unrs/resolver-binding-darwin-x64'
848 silly reify ]
849 verbose reify failed optional dependency /Users/xodn/Documents/capstoneDesign/capstone-design/node_modules/@unrs/resolver-binding-android-arm64
850 silly reify mark deleted [
850 silly reify   '/Users/xodn/Documents/capstoneDesign/capstone-design/node_modules/@unrs/resolver-binding-android-arm64'
850 silly reify ]
851 verbose reify failed optional dependency /Users/xodn/Documents/capstoneDesign/capstone-design/node_modules/@unrs/resolver-binding-android-arm-eabi
852 silly reify mark deleted [
852 silly reify   '/Users/xodn/Documents/capstoneDesign/capstone-design/node_modules/@unrs/resolver-binding-android-arm-eabi'
852 silly reify ]
853 verbose reify failed optional dependency /Users/xodn/Documents/capstoneDesign/capstone-design/node_modules/@tailwindcss/oxide-win32-x64-msvc
854 silly reify mark deleted [
854 silly reify   '/Users/xodn/Documents/capstoneDesign/capstone-design/node_modules/@tailwindcss/oxide-win32-x64-msvc'
854 silly reify ]
855 verbose reify failed optional dependency /Users/xodn/Documents/capstoneDesign/capstone-design/node_modules/@tailwindcss/oxide-win32-arm64-msvc
856 silly reify mark deleted [
856 silly reify   '/Users/xodn/Documents/capstoneDesign/capstone-design/node_modules/@tailwindcss/oxide-win32-arm64-msvc'
856 silly reify ]
857 verbose reify failed optional dependency /Users/xodn/Documents/capstoneDesign/capstone-design/node_modules/@tailwindcss/oxide-linux-x64-musl
858 silly reify mark deleted [
858 silly reify   '/Users/xodn/Documents/capstoneDesign/capstone-design/node_modules/@tailwindcss/oxide-linux-x64-musl'
858 silly reify ]
859 verbose reify failed optional dependency /Users/xodn/Documents/capstoneDesign/capstone-design/node_modules/@tailwindcss/oxide-linux-x64-gnu
860 silly reify mark deleted [
860 silly reify   '/Users/xodn/Documents/capstoneDesign/capstone-design/node_modules/@tailwindcss/oxide-linux-x64-gnu'
860 silly reify ]
861 verbose reify failed optional dependency /Users/xodn/Documents/capstoneDesign/capstone-design/node_modules/@tailwindcss/oxide-linux-arm64-musl
862 silly reify mark deleted [
862 silly reify   '/Users/xodn/Documents/capstoneDesign/capstone-design/node_modules/@tailwindcss/oxide-linux-arm64-musl'
862 silly reify ]
863 verbose reify failed optional dependency /Users/xodn/Documents/capstoneDesign/capstone-design/node_modules/@tailwindcss/oxide-linux-arm64-gnu
864 silly reify mark deleted [
864 silly reify   '/Users/xodn/Documents/capstoneDesign/capstone-design/node_modules/@tailwindcss/oxide-linux-arm64-gnu'
864 silly reify ]
865 verbose reify failed optional dependency /Users/xodn/Documents/capstoneDesign/capstone-design/node_modules/@tailwindcss/oxide-linux-arm-gnueabihf
866 silly reify mark deleted [
866 silly reify   '/Users/xodn/Documents/capstoneDesign/capstone-design/node_modules/@tailwindcss/oxide-linux-arm-gnueabihf'
866 silly reify ]
867 verbose reify failed optional dependency /Users/xodn/Documents/capstoneDesign/capstone-design/node_modules/@tailwindcss/oxide-freebsd-x64
868 silly reify mark deleted [
868 silly reify   '/Users/xodn/Documents/capstoneDesign/capstone-design/node_modules/@tailwindcss/oxide-freebsd-x64'
868 silly reify ]
869 verbose reify failed optional dependency /Users/xodn/Documents/capstoneDesign/capstone-design/node_modules/@tailwindcss/oxide-darwin-x64
870 silly reify mark deleted [
870 silly reify   '/Users/xodn/Documents/capstoneDesign/capstone-design/node_modules/@tailwindcss/oxide-darwin-x64'
870 silly reify ]
871 verbose reify failed optional dependency /Users/xodn/Documents/capstoneDesign/capstone-design/node_modules/@tailwindcss/oxide-android-arm64
872 silly reify mark deleted [
872 silly reify   '/Users/xodn/Documents/capstoneDesign/capstone-design/node_modules/@tailwindcss/oxide-android-arm64'
872 silly reify ]
873 verbose reify failed optional dependency /Users/xodn/Documents/capstoneDesign/capstone-design/node_modules/@next/swc-win32-x64-msvc
874 silly reify mark deleted [
874 silly reify   '/Users/xodn/Documents/capstoneDesign/capstone-design/node_modules/@next/swc-win32-x64-msvc'
874 silly reify ]
875 verbose reify failed optional dependency /Users/xodn/Documents/capstoneDesign/capstone-design/node_modules/@next/swc-win32-arm64-msvc
876 silly reify mark deleted [
876 silly reify   '/Users/xodn/Documents/capstoneDesign/capstone-design/node_modules/@next/swc-win32-arm64-msvc'
876 silly reify ]
877 verbose reify failed optional dependency /Users/xodn/Documents/capstoneDesign/capstone-design/node_modules/@next/swc-linux-x64-musl
878 silly reify mark deleted [
878 silly reify   '/Users/xodn/Documents/capstoneDesign/capstone-design/node_modules/@next/swc-linux-x64-musl'
878 silly reify ]
879 verbose reify failed optional dependency /Users/xodn/Documents/capstoneDesign/capstone-design/node_modules/@next/swc-linux-x64-gnu
880 silly reify mark deleted [
880 silly reify   '/Users/xodn/Documents/capstoneDesign/capstone-design/node_modules/@next/swc-linux-x64-gnu'
880 silly reify ]
881 verbose reify failed optional dependency /Users/xodn/Documents/capstoneDesign/capstone-design/node_modules/@next/swc-linux-arm64-musl
882 silly reify mark deleted [
882 silly reify   '/Users/xodn/Documents/capstoneDesign/capstone-design/node_modules/@next/swc-linux-arm64-musl'
882 silly reify ]
883 verbose reify failed optional dependency /Users/xodn/Documents/capstoneDesign/capstone-design/node_modules/@next/swc-linux-arm64-gnu
884 silly reify mark deleted [
884 silly reify   '/Users/xodn/Documents/capstoneDesign/capstone-design/node_modules/@next/swc-linux-arm64-gnu'
884 silly reify ]
885 verbose reify failed optional dependency /Users/xodn/Documents/capstoneDesign/capstone-design/node_modules/@next/swc-darwin-x64
886 silly reify mark deleted [
886 silly reify   '/Users/xodn/Documents/capstoneDesign/capstone-design/node_modules/@next/swc-darwin-x64'
886 silly reify ]
887 verbose reify failed optional dependency /Users/xodn/Documents/capstoneDesign/capstone-design/node_modules/@img/sharp-win32-x64
888 silly reify mark deleted [
888 silly reify   '/Users/xodn/Documents/capstoneDesign/capstone-design/node_modules/@img/sharp-win32-x64'
888 silly reify ]
889 verbose reify failed optional dependency /Users/xodn/Documents/capstoneDesign/capstone-design/node_modules/@img/sharp-win32-ia32
890 silly reify mark deleted [
890 silly reify   '/Users/xodn/Documents/capstoneDesign/capstone-design/node_modules/@img/sharp-win32-ia32'
890 silly reify ]
891 verbose reify failed optional dependency /Users/xodn/Documents/capstoneDesign/capstone-design/node_modules/@img/sharp-win32-arm64
892 silly reify mark deleted [
892 silly reify   '/Users/xodn/Documents/capstoneDesign/capstone-design/node_modules/@img/sharp-win32-arm64'
892 silly reify ]
893 verbose reify failed optional dependency /Users/xodn/Documents/capstoneDesign/capstone-design/node_modules/@img/sharp-wasm32
894 silly reify mark deleted [
894 silly reify   '/Users/xodn/Documents/capstoneDesign/capstone-design/node_modules/@img/sharp-wasm32'
894 silly reify ]
895 verbose reify failed optional dependency /Users/xodn/Documents/capstoneDesign/capstone-design/node_modules/@img/sharp-linuxmusl-x64
896 silly reify mark deleted [
896 silly reify   '/Users/xodn/Documents/capstoneDesign/capstone-design/node_modules/@img/sharp-linuxmusl-x64'
896 silly reify ]
897 verbose reify failed optional dependency /Users/xodn/Documents/capstoneDesign/capstone-design/node_modules/@img/sharp-linuxmusl-arm64
898 silly reify mark deleted [
898 silly reify   '/Users/xodn/Documents/capstoneDesign/capstone-design/node_modules/@img/sharp-linuxmusl-arm64'
898 silly reify ]
899 verbose reify failed optional dependency /Users/xodn/Documents/capstoneDesign/capstone-design/node_modules/@img/sharp-linux-x64
900 silly reify mark deleted [
900 silly reify   '/Users/xodn/Documents/capstoneDesign/capstone-design/node_modules/@img/sharp-linux-x64'
900 silly reify ]
901 verbose reify failed optional dependency /Users/xodn/Documents/capstoneDesign/capstone-design/node_modules/@img/sharp-linux-s390x
902 silly reify mark deleted [
902 silly reify   '/Users/xodn/Documents/capstoneDesign/capstone-design/node_modules/@img/sharp-linux-s390x'
902 silly reify ]
903 verbose reify failed optional dependency /Users/xodn/Documents/capstoneDesign/capstone-design/node_modules/@img/sharp-linux-riscv64
904 silly reify mark deleted [
904 silly reify   '/Users/xodn/Documents/capstoneDesign/capstone-design/node_modules/@img/sharp-linux-riscv64'
904 silly reify ]
905 verbose reify failed optional dependency /Users/xodn/Documents/capstoneDesign/capstone-design/node_modules/@img/sharp-linux-ppc64
906 silly reify mark deleted [
906 silly reify   '/Users/xodn/Documents/capstoneDesign/capstone-design/node_modules/@img/sharp-linux-ppc64'
906 silly reify ]
907 verbose reify failed optional dependency /Users/xodn/Documents/capstoneDesign/capstone-design/node_modules/@img/sharp-linux-arm64
908 silly reify mark deleted [
908 silly reify   '/Users/xodn/Documents/capstoneDesign/capstone-design/node_modules/@img/sharp-linux-arm64'
908 silly reify ]
909 verbose reify failed optional dependency /Users/xodn/Documents/capstoneDesign/capstone-design/node_modules/@img/sharp-linux-arm
910 silly reify mark deleted [
910 silly reify   '/Users/xodn/Documents/capstoneDesign/capstone-design/node_modules/@img/sharp-linux-arm'
910 silly reify ]
911 verbose reify failed optional dependency /Users/xodn/Documents/capstoneDesign/capstone-design/node_modules/@img/sharp-libvips-linuxmusl-x64
912 silly reify mark deleted [
912 silly reify   '/Users/xodn/Documents/capstoneDesign/capstone-design/node_modules/@img/sharp-libvips-linuxmusl-x64'
912 silly reify ]
913 verbose reify failed optional dependency /Users/xodn/Documents/capstoneDesign/capstone-design/node_modules/@img/sharp-libvips-linuxmusl-arm64
914 silly reify mark deleted [
914 silly reify   '/Users/xodn/Documents/capstoneDesign/capstone-design/node_modules/@img/sharp-libvips-linuxmusl-arm64'
914 silly reify ]
915 verbose reify failed optional dependency /Users/xodn/Documents/capstoneDesign/capstone-design/node_modules/@img/sharp-libvips-linux-x64
916 silly reify mark deleted [
916 silly reify   '/Users/xodn/Documents/capstoneDesign/capstone-design/node_modules/@img/sharp-libvips-linux-x64'
916 silly reify ]
917 verbose reify failed optional dependency /Users/xodn/Documents/capstoneDesign/capstone-design/node_modules/@img/sharp-libvips-linux-s390x
918 silly reify mark deleted [
918 silly reify   '/Users/xodn/Documents/capstoneDesign/capstone-design/node_modules/@img/sharp-libvips-linux-s390x'
918 silly reify ]
919 verbose reify failed optional dependency /Users/xodn/Documents/capstoneDesign/capstone-design/node_modules/@img/sharp-libvips-linux-riscv64
920 silly reify mark deleted [
920 silly reify   '/Users/xodn/Documents/capstoneDesign/capstone-design/node_modules/@img/sharp-libvips-linux-riscv64'
920 silly reify ]
921 verbose reify failed optional dependency /Users/xodn/Documents/capstoneDesign/capstone-design/node_modules/@img/sharp-libvips-linux-ppc64
922 silly reify mark deleted [
922 silly reify   '/Users/xodn/Documents/capstoneDesign/capstone-design/node_modules/@img/sharp-libvips-linux-ppc64'
922 silly reify ]
923 verbose reify failed optional dependency /Users/xodn/Documents/capstoneDesign/capstone-design/node_modules/@img/sharp-libvips-linux-arm64
924 silly reify mark deleted [
924 silly reify   '/Users/xodn/Documents/capstoneDesign/capstone-design/node_modules/@img/sharp-libvips-linux-arm64'
924 silly reify ]
925 verbose reify failed optional dependency /Users/xodn/Documents/capstoneDesign/capstone-design/node_modules/@img/sharp-libvips-linux-arm
926 silly reify mark deleted [
926 silly reify   '/Users/xodn/Documents/capstoneDesign/capstone-design/node_modules/@img/sharp-libvips-linux-arm'
926 silly reify ]
927 verbose reify failed optional dependency /Users/xodn/Documents/capstoneDesign/capstone-design/node_modules/@img/sharp-libvips-darwin-x64
928 silly reify mark deleted [
928 silly reify   '/Users/xodn/Documents/capstoneDesign/capstone-design/node_modules/@img/sharp-libvips-darwin-x64'
928 silly reify ]
929 verbose reify failed optional dependency /Users/xodn/Documents/capstoneDesign/capstone-design/node_modules/@img/sharp-darwin-x64
930 silly reify mark deleted [
930 silly reify   '/Users/xodn/Documents/capstoneDesign/capstone-design/node_modules/@img/sharp-darwin-x64'
930 silly reify ]
931 http cache trough@https://registry.npmjs.org/trough/-/trough-2.2.0.tgz 0ms (cache hit)
932 http cache is-plain-obj@https://registry.npmjs.org/is-plain-obj/-/is-plain-obj-4.1.0.tgz 0ms (cache hit)
933 http cache inline-style-parser@https://registry.npmjs.org/inline-style-parser/-/inline-style-parser-0.2.7.tgz 0ms (cache hit)
934 http cache extend@https://registry.npmjs.org/extend/-/extend-3.0.2.tgz 0ms (cache hit)
935 http cache style-to-object@https://registry.npmjs.org/style-to-object/-/style-to-object-1.0.14.tgz 0ms (cache hit)
936 http cache character-entities-html4@https://registry.npmjs.org/character-entities-html4/-/character-entities-html4-2.1.0.tgz 0ms (cache hit)
937 http cache micromark-extension-gfm-tagfilter@https://registry.npmjs.org/micromark-extension-gfm-tagfilter/-/micromark-extension-gfm-tagfilter-2.0.0.tgz 0ms (cache hit)
938 http cache micromark-extension-gfm-task-list-item@https://registry.npmjs.org/micromark-extension-gfm-task-list-item/-/micromark-extension-gfm-task-list-item-2.1.0.tgz 0ms (cache hit)
939 http cache micromark-extension-gfm-footnote@https://registry.npmjs.org/micromark-extension-gfm-footnote/-/micromark-extension-gfm-footnote-2.1.0.tgz 0ms (cache hit)
940 http cache bail@https://registry.npmjs.org/bail/-/bail-2.0.2.tgz 0ms (cache hit)
941 http cache markdown-table@https://registry.npmjs.org/markdown-table/-/markdown-table-3.0.4.tgz 0ms (cache hit)
942 http cache micromark-extension-gfm-autolink-literal@https://registry.npmjs.org/micromark-extension-gfm-autolink-literal/-/micromark-extension-gfm-autolink-literal-2.1.0.tgz 0ms (cache hit)
943 http cache mdast-util-find-and-replace@https://registry.npmjs.org/mdast-util-find-and-replace/-/mdast-util-find-and-replace-3.0.2.tgz 0ms (cache hit)
944 http cache micromark-extension-gfm-strikethrough@https://registry.npmjs.org/micromark-extension-gfm-strikethrough/-/micromark-extension-gfm-strikethrough-2.1.0.tgz 0ms (cache hit)
945 http cache micromark-extension-gfm-table@https://registry.npmjs.org/micromark-extension-gfm-table/-/micromark-extension-gfm-table-2.1.1.tgz 0ms (cache hit)
946 http cache mdast-util-gfm-task-list-item@https://registry.npmjs.org/mdast-util-gfm-task-list-item/-/mdast-util-gfm-task-list-item-2.0.0.tgz 0ms (cache hit)
947 http cache mdast-util-gfm-strikethrough@https://registry.npmjs.org/mdast-util-gfm-strikethrough/-/mdast-util-gfm-strikethrough-2.0.0.tgz 0ms (cache hit)
948 http cache mdast-util-gfm-footnote@https://registry.npmjs.org/mdast-util-gfm-footnote/-/mdast-util-gfm-footnote-2.1.0.tgz 0ms (cache hit)
949 http cache mdast-util-gfm@https://registry.npmjs.org/mdast-util-gfm/-/mdast-util-gfm-3.1.0.tgz 0ms (cache hit)
950 http cache mdast-util-gfm-autolink-literal@https://registry.npmjs.org/mdast-util-gfm-autolink-literal/-/mdast-util-gfm-autolink-literal-2.0.1.tgz 0ms (cache hit)
951 http cache unist-util-visit-parents@https://registry.npmjs.org/unist-util-visit-parents/-/unist-util-visit-parents-6.0.2.tgz 0ms (cache hit)
952 http cache mdast-util-gfm-table@https://registry.npmjs.org/mdast-util-gfm-table/-/mdast-util-gfm-table-2.0.0.tgz 0ms (cache hit)
953 http cache github-slugger@https://registry.npmjs.org/github-slugger/-/github-slugger-2.0.0.tgz 0ms (cache hit)
954 http cache remark-stringify@https://registry.npmjs.org/remark-stringify/-/remark-stringify-11.0.0.tgz 0ms (cache hit)
955 http cache hast-util-to-parse5@https://registry.npmjs.org/hast-util-to-parse5/-/hast-util-to-parse5-8.0.1.tgz 0ms (cache hit)
956 http cache hast-util-raw@https://registry.npmjs.org/hast-util-raw/-/hast-util-raw-9.1.0.tgz 0ms (cache hit)
957 http cache html-void-elements@https://registry.npmjs.org/html-void-elements/-/html-void-elements-3.0.0.tgz 0ms (cache hit)
958 http cache micromark-extension-gfm@https://registry.npmjs.org/micromark-extension-gfm/-/micromark-extension-gfm-3.0.0.tgz 0ms (cache hit)
959 http cache @types/prismjs@https://registry.npmjs.org/@types/prismjs/-/prismjs-1.26.6.tgz 0ms (cache hit)
960 http cache refractor@https://registry.npmjs.org/refractor/-/refractor-5.0.0.tgz 0ms (cache hit)
961 http cache unist-util-filter@https://registry.npmjs.org/unist-util-filter/-/unist-util-filter-5.0.1.tgz 0ms (cache hit)
962 http cache parse-numeric-range@https://registry.npmjs.org/parse-numeric-range/-/parse-numeric-range-1.3.0.tgz 0ms (cache hit)
963 http cache hast-util-parse-selector@https://registry.npmjs.org/hast-util-parse-selector/-/hast-util-parse-selector-4.0.0.tgz 0ms (cache hit)
964 http cache vfile-location@https://registry.npmjs.org/vfile-location/-/vfile-location-5.0.3.tgz 0ms (cache hit)
965 http cache parse5@https://registry.npmjs.org/parse5/-/parse5-7.3.0.tgz 0ms (cache hit)
966 http cache web-namespaces@https://registry.npmjs.org/web-namespaces/-/web-namespaces-2.0.1.tgz 0ms (cache hit)
967 http cache boolbase@https://registry.npmjs.org/boolbase/-/boolbase-1.0.0.tgz 0ms (cache hit)
968 http cache hast-util-to-string@https://registry.npmjs.org/hast-util-to-string/-/hast-util-to-string-3.0.1.tgz 0ms (cache hit)
969 http cache hast-util-from-html@https://registry.npmjs.org/hast-util-from-html/-/hast-util-from-html-2.0.3.tgz 1ms (cache hit)
970 http cache hast-util-has-property@https://registry.npmjs.org/hast-util-has-property/-/hast-util-has-property-3.0.0.tgz 0ms (cache hit)
971 http cache css-selector-parser@https://registry.npmjs.org/css-selector-parser/-/css-selector-parser-3.3.0.tgz 0ms (cache hit)
972 http cache bcp-47-match@https://registry.npmjs.org/bcp-47-match/-/bcp-47-match-2.0.3.tgz 0ms (cache hit)
973 http cache direction@https://registry.npmjs.org/direction/-/direction-2.0.1.tgz 0ms (cache hit)
974 http cache hast-util-from-parse5@https://registry.npmjs.org/hast-util-from-parse5/-/hast-util-from-parse5-8.0.3.tgz 0ms (cache hit)
975 http cache hast-util-to-html@https://registry.npmjs.org/hast-util-to-html/-/hast-util-to-html-9.0.5.tgz 0ms (cache hit)
976 http cache hast-util-is-element@https://registry.npmjs.org/hast-util-is-element/-/hast-util-is-element-3.0.0.tgz 0ms (cache hit)
977 http cache rehype-parse@https://registry.npmjs.org/rehype-parse/-/rehype-parse-9.0.1.tgz 0ms (cache hit)
978 http cache hastscript@https://registry.npmjs.org/hastscript/-/hastscript-9.0.1.tgz 0ms (cache hit)
979 http cache nth-check@https://registry.npmjs.org/nth-check/-/nth-check-2.1.1.tgz 0ms (cache hit)
980 http cache hast-util-heading-rank@https://registry.npmjs.org/hast-util-heading-rank/-/hast-util-heading-rank-3.0.0.tgz 0ms (cache hit)
981 http cache is-decimal@https://registry.npmjs.org/is-decimal/-/is-decimal-2.0.1.tgz 0ms (cache hit)
982 http cache is-hexadecimal@https://registry.npmjs.org/is-hexadecimal/-/is-hexadecimal-2.0.1.tgz 0ms (cache hit)
983 http cache hast-util-select@https://registry.npmjs.org/hast-util-select/-/hast-util-select-6.0.4.tgz 0ms (cache hit)
984 http cache rehype-stringify@https://registry.npmjs.org/rehype-stringify/-/rehype-stringify-10.0.1.tgz 0ms (cache hit)
985 http cache micromark-factory-whitespace@https://registry.npmjs.org/micromark-factory-whitespace/-/micromark-factory-whitespace-2.0.1.tgz 0ms (cache hit)
986 http cache entities@https://registry.npmjs.org/entities/-/entities-6.0.1.tgz 0ms (cache hit)
987 http cache character-reference-invalid@https://registry.npmjs.org/character-reference-invalid/-/character-reference-invalid-2.0.1.tgz 0ms (cache hit)
988 http cache micromark-util-html-tag-name@https://registry.npmjs.org/micromark-util-html-tag-name/-/micromark-util-html-tag-name-2.0.1.tgz 0ms (cache hit)
989 http cache micromark-factory-title@https://registry.npmjs.org/micromark-factory-title/-/micromark-factory-title-2.0.1.tgz 0ms (cache hit)
990 http cache micromark-factory-label@https://registry.npmjs.org/micromark-factory-label/-/micromark-factory-label-2.0.1.tgz 0ms (cache hit)
991 http cache is-alphanumerical@https://registry.npmjs.org/is-alphanumerical/-/is-alphanumerical-2.0.1.tgz 0ms (cache hit)
992 http cache micromark-factory-destination@https://registry.npmjs.org/micromark-factory-destination/-/micromark-factory-destination-2.0.1.tgz 0ms (cache hit)
993 http cache is-alphabetical@https://registry.npmjs.org/is-alphabetical/-/is-alphabetical-2.0.1.tgz 0ms (cache hit)
994 http cache character-entities-legacy@https://registry.npmjs.org/character-entities-legacy/-/character-entities-legacy-3.0.0.tgz 0ms (cache hit)
995 http cache micromark-util-resolve-all@https://registry.npmjs.org/micromark-util-resolve-all/-/micromark-util-resolve-all-2.0.1.tgz 0ms (cache hit)
996 http cache micromark-util-subtokenize@https://registry.npmjs.org/micromark-util-subtokenize/-/micromark-util-subtokenize-2.1.0.tgz 0ms (cache hit)
997 http cache micromark-util-combine-extensions@https://registry.npmjs.org/micromark-util-combine-extensions/-/micromark-util-combine-extensions-2.0.1.tgz 0ms (cache hit)
998 http cache micromark-util-encode@https://registry.npmjs.org/micromark-util-encode/-/micromark-util-encode-2.0.1.tgz 0ms (cache hit)
999 http cache @types/ms@https://registry.npmjs.org/@types/ms/-/ms-2.1.0.tgz 0ms (cache hit)
1000 http cache micromark-factory-space@https://registry.npmjs.org/micromark-factory-space/-/micromark-factory-space-2.0.1.tgz 0ms (cache hit)
1001 http cache micromark-util-chunked@https://registry.npmjs.org/micromark-util-chunked/-/micromark-util-chunked-2.0.1.tgz 0ms (cache hit)
1002 http cache unist-util-is@https://registry.npmjs.org/unist-util-is/-/unist-util-is-6.0.1.tgz 0ms (cache hit)
1003 http cache micromark-util-character@https://registry.npmjs.org/micromark-util-character/-/micromark-util-character-2.1.1.tgz 0ms (cache hit)
1004 http cache @types/debug@https://registry.npmjs.org/@types/debug/-/debug-4.1.13.tgz 0ms (cache hit)
1005 http cache trim-lines@https://registry.npmjs.org/trim-lines/-/trim-lines-3.0.1.tgz 0ms (cache hit)
1006 http cache longest-streak@https://registry.npmjs.org/longest-streak/-/longest-streak-3.1.0.tgz 0ms (cache hit)
1007 http cache micromark-core-commonmark@https://registry.npmjs.org/micromark-core-commonmark/-/micromark-core-commonmark-2.0.3.tgz 0ms (cache hit)
1008 http cache @ungap/structured-clone@https://registry.npmjs.org/@ungap/structured-clone/-/structured-clone-1.3.1.tgz 0ms (cache hit)
1009 http cache mdast-util-phrasing@https://registry.npmjs.org/mdast-util-phrasing/-/mdast-util-phrasing-4.1.0.tgz 0ms (cache hit)
1010 http cache micromark-util-classify-character@https://registry.npmjs.org/micromark-util-classify-character/-/micromark-util-classify-character-2.0.1.tgz 0ms (cache hit)
1011 http cache stringify-entities@https://registry.npmjs.org/stringify-entities/-/stringify-entities-4.0.4.tgz 0ms (cache hit)
1012 http cache zwitch@https://registry.npmjs.org/zwitch/-/zwitch-2.0.4.tgz 0ms (cache hit)
1013 http cache unist-util-stringify-position@https://registry.npmjs.org/unist-util-stringify-position/-/unist-util-stringify-position-4.0.0.tgz 0ms (cache hit)
1014 http cache ccount@https://registry.npmjs.org/ccount/-/ccount-2.0.1.tgz 0ms (cache hit)
1015 http cache character-entities@https://registry.npmjs.org/character-entities/-/character-entities-2.0.2.tgz 0ms (cache hit)
1016 http cache micromark-util-sanitize-uri@https://registry.npmjs.org/micromark-util-sanitize-uri/-/micromark-util-sanitize-uri-2.0.1.tgz 0ms (cache hit)
1017 http cache micromark-util-types@https://registry.npmjs.org/micromark-util-types/-/micromark-util-types-2.0.2.tgz 0ms (cache hit)
1018 http cache micromark-util-normalize-identifier@https://registry.npmjs.org/micromark-util-normalize-identifier/-/micromark-util-normalize-identifier-2.0.1.tgz 0ms (cache hit)
1019 http cache micromark-util-decode-string@https://registry.npmjs.org/micromark-util-decode-string/-/micromark-util-decode-string-2.0.1.tgz 0ms (cache hit)
1020 http cache micromark-util-decode-numeric-character-reference@https://registry.npmjs.org/micromark-util-decode-numeric-character-reference/-/micromark-util-decode-numeric-character-reference-2.0.2.tgz 0ms (cache hit)
1021 http cache mdast-util-to-string@https://registry.npmjs.org/mdast-util-to-string/-/mdast-util-to-string-4.0.0.tgz 0ms (cache hit)
1022 http cache decode-named-character-reference@https://registry.npmjs.org/decode-named-character-reference/-/decode-named-character-reference-1.3.0.tgz 0ms (cache hit)
1023 http cache mdast-util-to-markdown@https://registry.npmjs.org/mdast-util-to-markdown/-/mdast-util-to-markdown-2.1.2.tgz 0ms (cache hit)
1024 http cache mdast-util-from-markdown@https://registry.npmjs.org/mdast-util-from-markdown/-/mdast-util-from-markdown-2.0.3.tgz 0ms (cache hit)
1025 http cache micromark@https://registry.npmjs.org/micromark/-/micromark-4.0.2.tgz 0ms (cache hit)
1026 http cache parse-entities@https://registry.npmjs.org/parse-entities/-/parse-entities-4.0.2.tgz 0ms (cache hit)
1027 http cache vfile-message@https://registry.npmjs.org/vfile-message/-/vfile-message-4.0.3.tgz 0ms (cache hit)
1028 http cache unist-util-position@https://registry.npmjs.org/unist-util-position/-/unist-util-position-5.0.0.tgz 0ms (cache hit)
1029 http cache property-information@https://registry.npmjs.org/property-information/-/property-information-7.1.0.tgz 0ms (cache hit)
1030 http cache style-to-js@https://registry.npmjs.org/style-to-js/-/style-to-js-1.1.21.tgz 0ms (cache hit)
1031 http cache micromark-util-symbol@https://registry.npmjs.org/micromark-util-symbol/-/micromark-util-symbol-2.0.1.tgz 0ms (cache hit)
1032 http cache mdast-util-mdx-jsx@https://registry.npmjs.org/mdast-util-mdx-jsx/-/mdast-util-mdx-jsx-3.2.0.tgz 0ms (cache hit)
1033 http cache space-separated-tokens@https://registry.npmjs.org/space-separated-tokens/-/space-separated-tokens-2.0.2.tgz 0ms (cache hit)
1034 http cache mdast-util-mdx-expression@https://registry.npmjs.org/mdast-util-mdx-expression/-/mdast-util-mdx-expression-2.0.1.tgz 0ms (cache hit)
1035 http cache dequal@https://registry.npmjs.org/dequal/-/dequal-2.0.3.tgz 0ms (cache hit)
1036 http cache comma-separated-tokens@https://registry.npmjs.org/comma-separated-tokens/-/comma-separated-tokens-2.0.3.tgz 0ms (cache hit)
1037 http cache estree-util-is-identifier-name@https://registry.npmjs.org/estree-util-is-identifier-name/-/estree-util-is-identifier-name-3.0.0.tgz 0ms (cache hit)
1038 http cache @types/estree-jsx@https://registry.npmjs.org/@types/estree-jsx/-/estree-jsx-1.0.5.tgz 0ms (cache hit)
1039 http cache mdast-util-mdxjs-esm@https://registry.npmjs.org/mdast-util-mdxjs-esm/-/mdast-util-mdxjs-esm-2.0.1.tgz 0ms (cache hit)
1040 http cache hast-util-whitespace@https://registry.npmjs.org/hast-util-whitespace/-/hast-util-whitespace-3.0.0.tgz 0ms (cache hit)
1041 http cache unified@https://registry.npmjs.org/unified/-/unified-11.0.5.tgz 0ms (cache hit)
1042 http cache vfile@https://registry.npmjs.org/vfile/-/vfile-6.0.3.tgz 0ms (cache hit)
1043 http cache remark-rehype@https://registry.npmjs.org/remark-rehype/-/remark-rehype-11.1.2.tgz 0ms (cache hit)
1044 http cache hast-util-to-jsx-runtime@https://registry.npmjs.org/hast-util-to-jsx-runtime/-/hast-util-to-jsx-runtime-2.3.6.tgz 0ms (cache hit)
1045 http cache remark-parse@https://registry.npmjs.org/remark-parse/-/remark-parse-11.0.0.tgz 0ms (cache hit)
1046 http cache @types/mdast@https://registry.npmjs.org/@types/mdast/-/mdast-4.0.4.tgz 0ms (cache hit)
1047 http cache devlop@https://registry.npmjs.org/devlop/-/devlop-1.1.0.tgz 0ms (cache hit)
1048 http cache html-url-attributes@https://registry.npmjs.org/html-url-attributes/-/html-url-attributes-3.0.1.tgz 0ms (cache hit)
1049 http cache unist-util-visit@https://registry.npmjs.org/unist-util-visit/-/unist-util-visit-5.1.0.tgz 0ms (cache hit)
1050 http cache @types/unist@https://registry.npmjs.org/@types/unist/-/unist-3.0.3.tgz 0ms (cache hit)
1051 http cache rehype-rewrite@https://registry.npmjs.org/rehype-rewrite/-/rehype-rewrite-4.0.4.tgz 0ms (cache hit)
1052 http cache remark-github-blockquote-alert@https://registry.npmjs.org/remark-github-blockquote-alert/-/remark-github-blockquote-alert-1.3.1.tgz 0ms (cache hit)
1053 http cache rehype-slug@https://registry.npmjs.org/rehype-slug/-/rehype-slug-6.0.0.tgz 0ms (cache hit)
1054 http cache remark-gfm@https://registry.npmjs.org/remark-gfm/-/remark-gfm-4.0.1.tgz 0ms (cache hit)
1055 http cache rehype-ignore@https://registry.npmjs.org/rehype-ignore/-/rehype-ignore-2.0.3.tgz 0ms (cache hit)
1056 http cache rehype-autolink-headings@https://registry.npmjs.org/rehype-autolink-headings/-/rehype-autolink-headings-7.1.0.tgz 0ms (cache hit)
1057 http cache rehype-prism-plus@https://registry.npmjs.org/rehype-prism-plus/-/rehype-prism-plus-2.0.2.tgz 0ms (cache hit)
1058 http cache rehype-raw@https://registry.npmjs.org/rehype-raw/-/rehype-raw-7.0.0.tgz 0ms (cache hit)
1059 http cache @types/hast@https://registry.npmjs.org/@types/hast/-/hast-3.0.4.tgz 0ms (cache hit)
1060 http cache mdast-util-to-hast@https://registry.npmjs.org/mdast-util-to-hast/-/mdast-util-to-hast-13.2.1.tgz 0ms (cache hit)
1061 http cache react-markdown@https://registry.npmjs.org/react-markdown/-/react-markdown-10.1.0.tgz 0ms (cache hit)
1062 http cache @uiw/react-md-editor@https://registry.npmjs.org/@uiw/react-md-editor/-/react-md-editor-4.1.1.tgz 0ms (cache hit)
1063 http cache @uiw/react-markdown-preview@https://registry.npmjs.org/@uiw/react-markdown-preview/-/react-markdown-preview-5.2.1.tgz 0ms (cache hit)
1064 http cache rehype@https://registry.npmjs.org/rehype/-/rehype-13.0.2.tgz 0ms (cache hit)
1065 http cache @uiw/copy-to-clipboard@https://registry.npmjs.org/@uiw/copy-to-clipboard/-/copy-to-clipboard-1.0.21.tgz 0ms (cache hit)
1066 http cache rehype-attr@https://registry.npmjs.org/rehype-attr/-/rehype-attr-4.0.2.tgz 0ms (cache hit)
1067 http cache escape-string-regexp@https://registry.npmjs.org/escape-string-regexp/-/escape-string-regexp-5.0.0.tgz 0ms (cache hit)
1068 silly tarball no local data for trough@https://registry.npmjs.org/trough/-/trough-2.2.0.tgz. Extracting by manifest.
1069 silly tarball no local data for is-plain-obj@https://registry.npmjs.org/is-plain-obj/-/is-plain-obj-4.1.0.tgz. Extracting by manifest.
1070 silly tarball no local data for inline-style-parser@https://registry.npmjs.org/inline-style-parser/-/inline-style-parser-0.2.7.tgz. Extracting by manifest.
1071 silly tarball no local data for extend@https://registry.npmjs.org/extend/-/extend-3.0.2.tgz. Extracting by manifest.
1072 http cache unist-util-visit@https://registry.npmjs.org/unist-util-visit/-/unist-util-visit-5.0.0.tgz 0ms (cache hit)
1073 silly tarball no local data for style-to-object@https://registry.npmjs.org/style-to-object/-/style-to-object-1.0.14.tgz. Extracting by manifest.
1074 silly tarball no local data for character-entities-html4@https://registry.npmjs.org/character-entities-html4/-/character-entities-html4-2.1.0.tgz. Extracting by manifest.
1075 silly tarball no local data for micromark-extension-gfm-tagfilter@https://registry.npmjs.org/micromark-extension-gfm-tagfilter/-/micromark-extension-gfm-tagfilter-2.0.0.tgz. Extracting by manifest.
1076 silly tarball no local data for micromark-extension-gfm-task-list-item@https://registry.npmjs.org/micromark-extension-gfm-task-list-item/-/micromark-extension-gfm-task-list-item-2.1.0.tgz. Extracting by manifest.
1077 http cache @types/unist@https://registry.npmjs.org/@types/unist/-/unist-2.0.11.tgz 0ms (cache hit)
1078 silly tarball no local data for micromark-extension-gfm-footnote@https://registry.npmjs.org/micromark-extension-gfm-footnote/-/micromark-extension-gfm-footnote-2.1.0.tgz. Extracting by manifest.
1079 silly tarball no local data for bail@https://registry.npmjs.org/bail/-/bail-2.0.2.tgz. Extracting by manifest.
1080 silly tarball no local data for markdown-table@https://registry.npmjs.org/markdown-table/-/markdown-table-3.0.4.tgz. Extracting by manifest.
1081 silly tarball no local data for mdast-util-find-and-replace@https://registry.npmjs.org/mdast-util-find-and-replace/-/mdast-util-find-and-replace-3.0.2.tgz. Extracting by manifest.
1082 silly tarball no local data for micromark-extension-gfm-autolink-literal@https://registry.npmjs.org/micromark-extension-gfm-autolink-literal/-/micromark-extension-gfm-autolink-literal-2.1.0.tgz. Extracting by manifest.
1083 silly tarball no local data for micromark-extension-gfm-strikethrough@https://registry.npmjs.org/micromark-extension-gfm-strikethrough/-/micromark-extension-gfm-strikethrough-2.1.0.tgz. Extracting by manifest.
1084 silly tarball no local data for mdast-util-gfm-task-list-item@https://registry.npmjs.org/mdast-util-gfm-task-list-item/-/mdast-util-gfm-task-list-item-2.0.0.tgz. Extracting by manifest.
1085 silly tarball no local data for micromark-extension-gfm-table@https://registry.npmjs.org/micromark-extension-gfm-table/-/micromark-extension-gfm-table-2.1.1.tgz. Extracting by manifest.
1086 silly tarball no local data for mdast-util-gfm-strikethrough@https://registry.npmjs.org/mdast-util-gfm-strikethrough/-/mdast-util-gfm-strikethrough-2.0.0.tgz. Extracting by manifest.
1087 silly tarball no local data for mdast-util-gfm-footnote@https://registry.npmjs.org/mdast-util-gfm-footnote/-/mdast-util-gfm-footnote-2.1.0.tgz. Extracting by manifest.
1088 silly tarball no local data for mdast-util-gfm@https://registry.npmjs.org/mdast-util-gfm/-/mdast-util-gfm-3.1.0.tgz. Extracting by manifest.
1089 silly tarball no local data for mdast-util-gfm-autolink-literal@https://registry.npmjs.org/mdast-util-gfm-autolink-literal/-/mdast-util-gfm-autolink-literal-2.0.1.tgz. Extracting by manifest.
1090 silly tarball no local data for unist-util-visit-parents@https://registry.npmjs.org/unist-util-visit-parents/-/unist-util-visit-parents-6.0.2.tgz. Extracting by manifest.
1091 silly tarball no local data for mdast-util-gfm-table@https://registry.npmjs.org/mdast-util-gfm-table/-/mdast-util-gfm-table-2.0.0.tgz. Extracting by manifest.
1092 silly tarball no local data for github-slugger@https://registry.npmjs.org/github-slugger/-/github-slugger-2.0.0.tgz. Extracting by manifest.
1093 silly tarball no local data for remark-stringify@https://registry.npmjs.org/remark-stringify/-/remark-stringify-11.0.0.tgz. Extracting by manifest.
1094 silly tarball no local data for hast-util-to-parse5@https://registry.npmjs.org/hast-util-to-parse5/-/hast-util-to-parse5-8.0.1.tgz. Extracting by manifest.
1095 silly tarball no local data for hast-util-raw@https://registry.npmjs.org/hast-util-raw/-/hast-util-raw-9.1.0.tgz. Extracting by manifest.
1096 silly tarball no local data for html-void-elements@https://registry.npmjs.org/html-void-elements/-/html-void-elements-3.0.0.tgz. Extracting by manifest.
1097 silly tarball no local data for micromark-extension-gfm@https://registry.npmjs.org/micromark-extension-gfm/-/micromark-extension-gfm-3.0.0.tgz. Extracting by manifest.
1098 silly tarball no local data for @types/prismjs@https://registry.npmjs.org/@types/prismjs/-/prismjs-1.26.6.tgz. Extracting by manifest.
1099 silly tarball no local data for refractor@https://registry.npmjs.org/refractor/-/refractor-5.0.0.tgz. Extracting by manifest.
1100 silly tarball no local data for unist-util-filter@https://registry.npmjs.org/unist-util-filter/-/unist-util-filter-5.0.1.tgz. Extracting by manifest.
1101 silly tarball no local data for parse-numeric-range@https://registry.npmjs.org/parse-numeric-range/-/parse-numeric-range-1.3.0.tgz. Extracting by manifest.
1102 silly tarball no local data for hast-util-parse-selector@https://registry.npmjs.org/hast-util-parse-selector/-/hast-util-parse-selector-4.0.0.tgz. Extracting by manifest.
1103 silly tarball no local data for vfile-location@https://registry.npmjs.org/vfile-location/-/vfile-location-5.0.3.tgz. Extracting by manifest.
1104 silly tarball no local data for parse5@https://registry.npmjs.org/parse5/-/parse5-7.3.0.tgz. Extracting by manifest.
1105 silly tarball no local data for web-namespaces@https://registry.npmjs.org/web-namespaces/-/web-namespaces-2.0.1.tgz. Extracting by manifest.
1106 silly tarball no local data for hast-util-to-string@https://registry.npmjs.org/hast-util-to-string/-/hast-util-to-string-3.0.1.tgz. Extracting by manifest.
1107 silly tarball no local data for boolbase@https://registry.npmjs.org/boolbase/-/boolbase-1.0.0.tgz. Extracting by manifest.
1108 silly tarball no local data for hast-util-from-html@https://registry.npmjs.org/hast-util-from-html/-/hast-util-from-html-2.0.3.tgz. Extracting by manifest.
1109 silly tarball no local data for hast-util-has-property@https://registry.npmjs.org/hast-util-has-property/-/hast-util-has-property-3.0.0.tgz. Extracting by manifest.
1110 silly tarball no local data for css-selector-parser@https://registry.npmjs.org/css-selector-parser/-/css-selector-parser-3.3.0.tgz. Extracting by manifest.
1111 silly tarball no local data for bcp-47-match@https://registry.npmjs.org/bcp-47-match/-/bcp-47-match-2.0.3.tgz. Extracting by manifest.
1112 silly tarball no local data for direction@https://registry.npmjs.org/direction/-/direction-2.0.1.tgz. Extracting by manifest.
1113 silly tarball no local data for hast-util-from-parse5@https://registry.npmjs.org/hast-util-from-parse5/-/hast-util-from-parse5-8.0.3.tgz. Extracting by manifest.
1114 silly tarball no local data for hast-util-to-html@https://registry.npmjs.org/hast-util-to-html/-/hast-util-to-html-9.0.5.tgz. Extracting by manifest.
1115 silly tarball no local data for hast-util-is-element@https://registry.npmjs.org/hast-util-is-element/-/hast-util-is-element-3.0.0.tgz. Extracting by manifest.
1116 silly tarball no local data for rehype-parse@https://registry.npmjs.org/rehype-parse/-/rehype-parse-9.0.1.tgz. Extracting by manifest.
1117 silly tarball no local data for hastscript@https://registry.npmjs.org/hastscript/-/hastscript-9.0.1.tgz. Extracting by manifest.
1118 silly tarball no local data for nth-check@https://registry.npmjs.org/nth-check/-/nth-check-2.1.1.tgz. Extracting by manifest.
1119 silly tarball no local data for hast-util-heading-rank@https://registry.npmjs.org/hast-util-heading-rank/-/hast-util-heading-rank-3.0.0.tgz. Extracting by manifest.
1120 silly tarball no local data for is-decimal@https://registry.npmjs.org/is-decimal/-/is-decimal-2.0.1.tgz. Extracting by manifest.
1121 silly tarball no local data for is-hexadecimal@https://registry.npmjs.org/is-hexadecimal/-/is-hexadecimal-2.0.1.tgz. Extracting by manifest.
1122 silly tarball no local data for hast-util-select@https://registry.npmjs.org/hast-util-select/-/hast-util-select-6.0.4.tgz. Extracting by manifest.
1123 silly tarball no local data for rehype-stringify@https://registry.npmjs.org/rehype-stringify/-/rehype-stringify-10.0.1.tgz. Extracting by manifest.
1124 silly tarball no local data for micromark-factory-whitespace@https://registry.npmjs.org/micromark-factory-whitespace/-/micromark-factory-whitespace-2.0.1.tgz. Extracting by manifest.
1125 silly tarball no local data for entities@https://registry.npmjs.org/entities/-/entities-6.0.1.tgz. Extracting by manifest.
1126 silly tarball no local data for character-reference-invalid@https://registry.npmjs.org/character-reference-invalid/-/character-reference-invalid-2.0.1.tgz. Extracting by manifest.
1127 silly tarball no local data for micromark-util-html-tag-name@https://registry.npmjs.org/micromark-util-html-tag-name/-/micromark-util-html-tag-name-2.0.1.tgz. Extracting by manifest.
1128 silly tarball no local data for micromark-factory-title@https://registry.npmjs.org/micromark-factory-title/-/micromark-factory-title-2.0.1.tgz. Extracting by manifest.
1129 silly tarball no local data for micromark-factory-label@https://registry.npmjs.org/micromark-factory-label/-/micromark-factory-label-2.0.1.tgz. Extracting by manifest.
1130 silly tarball no local data for is-alphanumerical@https://registry.npmjs.org/is-alphanumerical/-/is-alphanumerical-2.0.1.tgz. Extracting by manifest.
1131 silly tarball no local data for micromark-factory-destination@https://registry.npmjs.org/micromark-factory-destination/-/micromark-factory-destination-2.0.1.tgz. Extracting by manifest.
1132 silly tarball no local data for is-alphabetical@https://registry.npmjs.org/is-alphabetical/-/is-alphabetical-2.0.1.tgz. Extracting by manifest.
1133 silly tarball no local data for character-entities-legacy@https://registry.npmjs.org/character-entities-legacy/-/character-entities-legacy-3.0.0.tgz. Extracting by manifest.
1134 silly tarball no local data for micromark-util-resolve-all@https://registry.npmjs.org/micromark-util-resolve-all/-/micromark-util-resolve-all-2.0.1.tgz. Extracting by manifest.
1135 silly tarball no local data for micromark-util-subtokenize@https://registry.npmjs.org/micromark-util-subtokenize/-/micromark-util-subtokenize-2.1.0.tgz. Extracting by manifest.
1136 silly tarball no local data for micromark-util-combine-extensions@https://registry.npmjs.org/micromark-util-combine-extensions/-/micromark-util-combine-extensions-2.0.1.tgz. Extracting by manifest.
1137 silly tarball no local data for micromark-util-encode@https://registry.npmjs.org/micromark-util-encode/-/micromark-util-encode-2.0.1.tgz. Extracting by manifest.
1138 silly tarball no local data for @types/ms@https://registry.npmjs.org/@types/ms/-/ms-2.1.0.tgz. Extracting by manifest.
1139 silly tarball no local data for micromark-factory-space@https://registry.npmjs.org/micromark-factory-space/-/micromark-factory-space-2.0.1.tgz. Extracting by manifest.
1140 silly tarball no local data for micromark-util-chunked@https://registry.npmjs.org/micromark-util-chunked/-/micromark-util-chunked-2.0.1.tgz. Extracting by manifest.
1141 silly tarball no local data for unist-util-is@https://registry.npmjs.org/unist-util-is/-/unist-util-is-6.0.1.tgz. Extracting by manifest.
1142 silly tarball no local data for micromark-util-character@https://registry.npmjs.org/micromark-util-character/-/micromark-util-character-2.1.1.tgz. Extracting by manifest.
1143 silly tarball no local data for @types/debug@https://registry.npmjs.org/@types/debug/-/debug-4.1.13.tgz. Extracting by manifest.
1144 silly tarball no local data for trim-lines@https://registry.npmjs.org/trim-lines/-/trim-lines-3.0.1.tgz. Extracting by manifest.
1145 silly tarball no local data for longest-streak@https://registry.npmjs.org/longest-streak/-/longest-streak-3.1.0.tgz. Extracting by manifest.
1146 silly tarball no local data for micromark-core-commonmark@https://registry.npmjs.org/micromark-core-commonmark/-/micromark-core-commonmark-2.0.3.tgz. Extracting by manifest.
1147 silly tarball no local data for @ungap/structured-clone@https://registry.npmjs.org/@ungap/structured-clone/-/structured-clone-1.3.1.tgz. Extracting by manifest.
1148 silly tarball no local data for mdast-util-phrasing@https://registry.npmjs.org/mdast-util-phrasing/-/mdast-util-phrasing-4.1.0.tgz. Extracting by manifest.
1149 silly tarball no local data for micromark-util-classify-character@https://registry.npmjs.org/micromark-util-classify-character/-/micromark-util-classify-character-2.0.1.tgz. Extracting by manifest.
1150 silly tarball no local data for stringify-entities@https://registry.npmjs.org/stringify-entities/-/stringify-entities-4.0.4.tgz. Extracting by manifest.
1151 silly tarball no local data for zwitch@https://registry.npmjs.org/zwitch/-/zwitch-2.0.4.tgz. Extracting by manifest.
1152 silly tarball no local data for unist-util-stringify-position@https://registry.npmjs.org/unist-util-stringify-position/-/unist-util-stringify-position-4.0.0.tgz. Extracting by manifest.
1153 silly tarball no local data for ccount@https://registry.npmjs.org/ccount/-/ccount-2.0.1.tgz. Extracting by manifest.
1154 silly tarball no local data for character-entities@https://registry.npmjs.org/character-entities/-/character-entities-2.0.2.tgz. Extracting by manifest.
1155 silly tarball no local data for micromark-util-sanitize-uri@https://registry.npmjs.org/micromark-util-sanitize-uri/-/micromark-util-sanitize-uri-2.0.1.tgz. Extracting by manifest.
1156 silly tarball no local data for micromark-util-types@https://registry.npmjs.org/micromark-util-types/-/micromark-util-types-2.0.2.tgz. Extracting by manifest.
1157 silly tarball no local data for micromark-util-normalize-identifier@https://registry.npmjs.org/micromark-util-normalize-identifier/-/micromark-util-normalize-identifier-2.0.1.tgz. Extracting by manifest.
1158 silly tarball no local data for micromark-util-decode-string@https://registry.npmjs.org/micromark-util-decode-string/-/micromark-util-decode-string-2.0.1.tgz. Extracting by manifest.
1159 silly tarball no local data for micromark-util-decode-numeric-character-reference@https://registry.npmjs.org/micromark-util-decode-numeric-character-reference/-/micromark-util-decode-numeric-character-reference-2.0.2.tgz. Extracting by manifest.
1160 silly tarball no local data for mdast-util-to-string@https://registry.npmjs.org/mdast-util-to-string/-/mdast-util-to-string-4.0.0.tgz. Extracting by manifest.
1161 silly tarball no local data for decode-named-character-reference@https://registry.npmjs.org/decode-named-character-reference/-/decode-named-character-reference-1.3.0.tgz. Extracting by manifest.
1162 silly tarball no local data for mdast-util-to-markdown@https://registry.npmjs.org/mdast-util-to-markdown/-/mdast-util-to-markdown-2.1.2.tgz. Extracting by manifest.
1163 silly tarball no local data for mdast-util-from-markdown@https://registry.npmjs.org/mdast-util-from-markdown/-/mdast-util-from-markdown-2.0.3.tgz. Extracting by manifest.
1164 silly tarball no local data for micromark@https://registry.npmjs.org/micromark/-/micromark-4.0.2.tgz. Extracting by manifest.
1165 silly tarball no local data for parse-entities@https://registry.npmjs.org/parse-entities/-/parse-entities-4.0.2.tgz. Extracting by manifest.
1166 silly tarball no local data for vfile-message@https://registry.npmjs.org/vfile-message/-/vfile-message-4.0.3.tgz. Extracting by manifest.
1167 silly tarball no local data for unist-util-position@https://registry.npmjs.org/unist-util-position/-/unist-util-position-5.0.0.tgz. Extracting by manifest.
1168 silly tarball no local data for property-information@https://registry.npmjs.org/property-information/-/property-information-7.1.0.tgz. Extracting by manifest.
1169 silly tarball no local data for style-to-js@https://registry.npmjs.org/style-to-js/-/style-to-js-1.1.21.tgz. Extracting by manifest.
1170 silly tarball no local data for micromark-util-symbol@https://registry.npmjs.org/micromark-util-symbol/-/micromark-util-symbol-2.0.1.tgz. Extracting by manifest.
1171 silly tarball no local data for mdast-util-mdx-jsx@https://registry.npmjs.org/mdast-util-mdx-jsx/-/mdast-util-mdx-jsx-3.2.0.tgz. Extracting by manifest.
1172 silly tarball no local data for space-separated-tokens@https://registry.npmjs.org/space-separated-tokens/-/space-separated-tokens-2.0.2.tgz. Extracting by manifest.
1173 silly tarball no local data for mdast-util-mdx-expression@https://registry.npmjs.org/mdast-util-mdx-expression/-/mdast-util-mdx-expression-2.0.1.tgz. Extracting by manifest.
1174 silly tarball no local data for dequal@https://registry.npmjs.org/dequal/-/dequal-2.0.3.tgz. Extracting by manifest.
1175 silly tarball no local data for comma-separated-tokens@https://registry.npmjs.org/comma-separated-tokens/-/comma-separated-tokens-2.0.3.tgz. Extracting by manifest.
1176 silly tarball no local data for estree-util-is-identifier-name@https://registry.npmjs.org/estree-util-is-identifier-name/-/estree-util-is-identifier-name-3.0.0.tgz. Extracting by manifest.
1177 silly tarball no local data for @types/estree-jsx@https://registry.npmjs.org/@types/estree-jsx/-/estree-jsx-1.0.5.tgz. Extracting by manifest.
1178 silly tarball no local data for mdast-util-mdxjs-esm@https://registry.npmjs.org/mdast-util-mdxjs-esm/-/mdast-util-mdxjs-esm-2.0.1.tgz. Extracting by manifest.
1179 silly tarball no local data for hast-util-whitespace@https://registry.npmjs.org/hast-util-whitespace/-/hast-util-whitespace-3.0.0.tgz. Extracting by manifest.
1180 silly tarball no local data for unified@https://registry.npmjs.org/unified/-/unified-11.0.5.tgz. Extracting by manifest.
1181 silly tarball no local data for vfile@https://registry.npmjs.org/vfile/-/vfile-6.0.3.tgz. Extracting by manifest.
1182 silly tarball no local data for remark-rehype@https://registry.npmjs.org/remark-rehype/-/remark-rehype-11.1.2.tgz. Extracting by manifest.
1183 silly tarball no local data for hast-util-to-jsx-runtime@https://registry.npmjs.org/hast-util-to-jsx-runtime/-/hast-util-to-jsx-runtime-2.3.6.tgz. Extracting by manifest.
1184 silly tarball no local data for remark-parse@https://registry.npmjs.org/remark-parse/-/remark-parse-11.0.0.tgz. Extracting by manifest.
1185 silly tarball no local data for @types/mdast@https://registry.npmjs.org/@types/mdast/-/mdast-4.0.4.tgz. Extracting by manifest.
1186 silly tarball no local data for devlop@https://registry.npmjs.org/devlop/-/devlop-1.1.0.tgz. Extracting by manifest.
1187 silly tarball no local data for html-url-attributes@https://registry.npmjs.org/html-url-attributes/-/html-url-attributes-3.0.1.tgz. Extracting by manifest.
1188 silly tarball no local data for unist-util-visit@https://registry.npmjs.org/unist-util-visit/-/unist-util-visit-5.1.0.tgz. Extracting by manifest.
1189 silly tarball no local data for @types/unist@https://registry.npmjs.org/@types/unist/-/unist-3.0.3.tgz. Extracting by manifest.
1190 silly tarball no local data for rehype-rewrite@https://registry.npmjs.org/rehype-rewrite/-/rehype-rewrite-4.0.4.tgz. Extracting by manifest.
1191 silly tarball no local data for remark-github-blockquote-alert@https://registry.npmjs.org/remark-github-blockquote-alert/-/remark-github-blockquote-alert-1.3.1.tgz. Extracting by manifest.
1192 silly tarball no local data for rehype-slug@https://registry.npmjs.org/rehype-slug/-/rehype-slug-6.0.0.tgz. Extracting by manifest.
1193 silly tarball no local data for remark-gfm@https://registry.npmjs.org/remark-gfm/-/remark-gfm-4.0.1.tgz. Extracting by manifest.
1194 silly tarball no local data for rehype-ignore@https://registry.npmjs.org/rehype-ignore/-/rehype-ignore-2.0.3.tgz. Extracting by manifest.
1195 silly tarball no local data for rehype-autolink-headings@https://registry.npmjs.org/rehype-autolink-headings/-/rehype-autolink-headings-7.1.0.tgz. Extracting by manifest.
1196 silly tarball no local data for rehype-prism-plus@https://registry.npmjs.org/rehype-prism-plus/-/rehype-prism-plus-2.0.2.tgz. Extracting by manifest.
1197 silly tarball no local data for rehype-raw@https://registry.npmjs.org/rehype-raw/-/rehype-raw-7.0.0.tgz. Extracting by manifest.
1198 silly tarball no local data for @types/hast@https://registry.npmjs.org/@types/hast/-/hast-3.0.4.tgz. Extracting by manifest.
1199 silly tarball no local data for mdast-util-to-hast@https://registry.npmjs.org/mdast-util-to-hast/-/mdast-util-to-hast-13.2.1.tgz. Extracting by manifest.
1200 silly tarball no local data for react-markdown@https://registry.npmjs.org/react-markdown/-/react-markdown-10.1.0.tgz. Extracting by manifest.
1201 silly tarball no local data for @uiw/react-md-editor@https://registry.npmjs.org/@uiw/react-md-editor/-/react-md-editor-4.1.1.tgz. Extracting by manifest.
1202 silly tarball no local data for @uiw/react-markdown-preview@https://registry.npmjs.org/@uiw/react-markdown-preview/-/react-markdown-preview-5.2.1.tgz. Extracting by manifest.
1203 silly tarball no local data for rehype@https://registry.npmjs.org/rehype/-/rehype-13.0.2.tgz. Extracting by manifest.
1204 silly tarball no local data for @uiw/copy-to-clipboard@https://registry.npmjs.org/@uiw/copy-to-clipboard/-/copy-to-clipboard-1.0.21.tgz. Extracting by manifest.
1205 silly tarball no local data for rehype-attr@https://registry.npmjs.org/rehype-attr/-/rehype-attr-4.0.2.tgz. Extracting by manifest.
1206 silly tarball no local data for escape-string-regexp@https://registry.npmjs.org/escape-string-regexp/-/escape-string-regexp-5.0.0.tgz. Extracting by manifest.
1207 silly tarball no local data for unist-util-visit@https://registry.npmjs.org/unist-util-visit/-/unist-util-visit-5.0.0.tgz. Extracting by manifest.
1208 silly tarball no local data for @types/unist@https://registry.npmjs.org/@types/unist/-/unist-2.0.11.tgz. Extracting by manifest.
1209 http fetch GET 200 https://registry.npmjs.org/character-entities-html4/-/character-entities-html4-2.1.0.tgz 74ms (cache miss)
1210 http fetch GET 200 https://registry.npmjs.org/is-plain-obj/-/is-plain-obj-4.1.0.tgz 76ms (cache miss)
1211 http fetch GET 200 https://registry.npmjs.org/inline-style-parser/-/inline-style-parser-0.2.7.tgz 76ms (cache miss)
1212 http fetch GET 200 https://registry.npmjs.org/extend/-/extend-3.0.2.tgz 76ms (cache miss)
1213 http fetch GET 200 https://registry.npmjs.org/trough/-/trough-2.2.0.tgz 77ms (cache miss)
1214 http fetch GET 200 https://registry.npmjs.org/mdast-util-gfm-task-list-item/-/mdast-util-gfm-task-list-item-2.0.0.tgz 77ms (cache miss)
1215 http fetch GET 200 https://registry.npmjs.org/mdast-util-gfm-footnote/-/mdast-util-gfm-footnote-2.1.0.tgz 78ms (cache miss)
1216 http fetch GET 200 https://registry.npmjs.org/mdast-util-gfm-strikethrough/-/mdast-util-gfm-strikethrough-2.0.0.tgz 78ms (cache miss)
1217 http fetch GET 200 https://registry.npmjs.org/style-to-object/-/style-to-object-1.0.14.tgz 81ms (cache miss)
1218 http fetch GET 200 https://registry.npmjs.org/mdast-util-gfm-autolink-literal/-/mdast-util-gfm-autolink-literal-2.0.1.tgz 81ms (cache miss)
1219 http fetch GET 200 https://registry.npmjs.org/unist-util-visit-parents/-/unist-util-visit-parents-6.0.2.tgz 91ms (cache miss)
1220 http fetch GET 200 https://registry.npmjs.org/mdast-util-gfm/-/mdast-util-gfm-3.1.0.tgz 93ms (cache miss)
1221 http fetch GET 200 https://registry.npmjs.org/micromark-extension-gfm-table/-/micromark-extension-gfm-table-2.1.1.tgz 94ms (cache miss)
1222 http fetch GET 200 https://registry.npmjs.org/markdown-table/-/markdown-table-3.0.4.tgz 97ms (cache miss)
1223 http fetch GET 200 https://registry.npmjs.org/micromark-extension-gfm-tagfilter/-/micromark-extension-gfm-tagfilter-2.0.0.tgz 98ms (cache miss)
1224 http fetch GET 200 https://registry.npmjs.org/mdast-util-find-and-replace/-/mdast-util-find-and-replace-3.0.2.tgz 98ms (cache miss)
1225 http fetch GET 200 https://registry.npmjs.org/github-slugger/-/github-slugger-2.0.0.tgz 99ms (cache miss)
1226 http fetch GET 200 https://registry.npmjs.org/remark-stringify/-/remark-stringify-11.0.0.tgz 99ms (cache miss)
1227 http fetch GET 200 https://registry.npmjs.org/mdast-util-gfm-table/-/mdast-util-gfm-table-2.0.0.tgz 100ms (cache miss)
1228 http fetch GET 200 https://registry.npmjs.org/bail/-/bail-2.0.2.tgz 102ms (cache miss)
1229 http fetch GET 200 https://registry.npmjs.org/micromark-extension-gfm-footnote/-/micromark-extension-gfm-footnote-2.1.0.tgz 108ms (cache miss)
1230 http fetch GET 200 https://registry.npmjs.org/micromark-extension-gfm-autolink-literal/-/micromark-extension-gfm-autolink-literal-2.1.0.tgz 111ms (cache miss)
1231 http fetch GET 200 https://registry.npmjs.org/micromark-extension-gfm-strikethrough/-/micromark-extension-gfm-strikethrough-2.1.0.tgz 111ms (cache miss)
1232 http fetch GET 200 https://registry.npmjs.org/hast-util-to-parse5/-/hast-util-to-parse5-8.0.1.tgz 111ms (cache miss)
1233 http fetch GET 200 https://registry.npmjs.org/hast-util-raw/-/hast-util-raw-9.1.0.tgz 111ms (cache miss)
1234 http fetch GET 200 https://registry.npmjs.org/micromark-extension-gfm/-/micromark-extension-gfm-3.0.0.tgz 117ms (cache miss)
1235 http fetch GET 200 https://registry.npmjs.org/micromark-extension-gfm-task-list-item/-/micromark-extension-gfm-task-list-item-2.1.0.tgz 119ms (cache miss)
1236 http fetch GET 200 https://registry.npmjs.org/parse-numeric-range/-/parse-numeric-range-1.3.0.tgz 121ms (cache miss)
1237 http fetch GET 200 https://registry.npmjs.org/vfile-location/-/vfile-location-5.0.3.tgz 121ms (cache miss)
1238 http fetch GET 200 https://registry.npmjs.org/hast-util-parse-selector/-/hast-util-parse-selector-4.0.0.tgz 121ms (cache miss)
1239 http fetch GET 200 https://registry.npmjs.org/html-void-elements/-/html-void-elements-3.0.0.tgz 123ms (cache miss)
1240 http fetch GET 200 https://registry.npmjs.org/unist-util-filter/-/unist-util-filter-5.0.1.tgz 123ms (cache miss)
1241 http fetch GET 200 https://registry.npmjs.org/hast-util-to-string/-/hast-util-to-string-3.0.1.tgz 126ms (cache miss)
1242 http fetch GET 200 https://registry.npmjs.org/web-namespaces/-/web-namespaces-2.0.1.tgz 129ms (cache miss)
1243 http fetch POST 200 https://registry.npmjs.org/-/npm/v1/security/advisories/bulk 166ms
1244 silly audit report {
1244 silly audit report   'brace-expansion': [
1244 silly audit report     {
1244 silly audit report       id: 1119088,
1244 silly audit report       url: 'https://github.com/advisories/GHSA-jxxr-4gwj-5jf2',
1244 silly audit report       title: 'brace-expansion: Large numeric range defeats documented `max` DoS protection',
1244 silly audit report       severity: 'moderate',
1244 silly audit report       vulnerable_versions: '>=5.0.0 <5.0.6',
1244 silly audit report       cwe: [Array],
1244 silly audit report       cvss: [Object]
1244 silly audit report     }
1244 silly audit report   ],
1244 silly audit report   next: [
1244 silly audit report     {
1244 silly audit report       id: 1117930,
1244 silly audit report       url: 'https://github.com/advisories/GHSA-8h8q-6873-q5fj',
1244 silly audit report       title: 'Next.js Vulnerable to Denial of Service with Server Components',
1244 silly audit report       severity: 'high',
1244 silly audit report       vulnerable_versions: '>=16.0.0 <16.2.5',
1244 silly audit report       cwe: [Array],
1244 silly audit report       cvss: [Object]
1244 silly audit report     },
1244 silly audit report     {
1244 silly audit report       id: 1118938,
1244 silly audit report       url: 'https://github.com/advisories/GHSA-26hh-7cqf-hhc6',
1244 silly audit report       title: 'Next.js has a Middleware / Proxy bypass in App Router applications via segment-prefetch routes - Incomplete Fix Follow-Up',
1244 silly audit report       severity: 'high',
1244 silly audit report       vulnerable_versions: '>=16.0.0 <16.2.6',
1244 silly audit report       cwe: [Array],
1244 silly audit report       cvss: [Object]
1244 silly audit report     },
1244 silly audit report     {
1244 silly audit report       id: 1118941,
1244 silly audit report       url: 'https://github.com/advisories/GHSA-3g8h-86w9-wvmq',
1244 silly audit report       title: "Next.js's Middleware / Proxy redirects can be cache-poisoned",
1244 silly audit report       severity: 'low',
1244 silly audit report       vulnerable_versions: '>=16.0.0 <16.2.5',
1244 silly audit report       cwe: [Array],
1244 silly audit report       cvss: [Object]
1244 silly audit report     },
1244 silly audit report     {
1244 silly audit report       id: 1118943,
1244 silly audit report       url: 'https://github.com/advisories/GHSA-ffhc-5mcf-pf4q',
1244 silly audit report       title: 'Next.js vulnerable to cross-site scripting in App Router applications using CSP nonces',
1244 silly audit report       severity: 'moderate',
1244 silly audit report       vulnerable_versions: '>=16.0.0 <16.2.5',
1244 silly audit report       cwe: [Array],
1244 silly audit report       cvss: [Object]
1244 silly audit report     },
1244 silly audit report     {
1244 silly audit report       id: 1118945,
1244 silly audit report       url: 'https://github.com/advisories/GHSA-vfv6-92ff-j949',
1244 silly audit report       title: 'Next.js vulnerable to cache poisoning via collisions in React Server Component cache-busting',
1244 silly audit report       severity: 'low',
1244 silly audit report       vulnerable_versions: '>=16.0.0 <16.2.5',
1244 silly audit report       cwe: [Array],
1244 silly audit report       cvss: [Object]
1244 silly audit report     },
1244 silly audit report     {
1244 silly audit report       id: 1118947,
1244 silly audit report       url: 'https://github.com/advisories/GHSA-gx5p-jg67-6x7h',
1244 silly audit report       title: 'Next.js has cross-site scripting in beforeInteractive scripts with untrusted input',
1244 silly audit report       severity: 'moderate',
1244 silly audit report       vulnerable_versions: '>=16.0.0 <16.2.5',
1244 silly audit report       cwe: [Array],
1244 silly audit report       cvss: [Object]
1244 silly audit report     },
1244 silly audit report     {
1244 silly audit report       id: 1118949,
1244 silly audit report       url: 'https://github.com/advisories/GHSA-mg66-mrh9-m8jx',
1244 silly audit report       title: 'Next.js vulnerable to Denial of Service via connection exhaustion in applications using Cache Components',
1244 silly audit report       severity: 'high',
1244 silly audit report       vulnerable_versions: '>=16.0.0 <16.2.5',
1244 silly audit report       cwe: [Array],
1244 silly audit report       cvss: [Object]
1244 silly audit report     },
1244 silly audit report     {
1244 silly audit report       id: 1118951,
1244 silly audit report       url: 'https://github.com/advisories/GHSA-h64f-5h5j-jqjh',
1244 silly audit report       title: 'Next.js has a Denial of Service in the Image Optimization API',
1244 silly audit report       severity: 'moderate',
1244 silly audit report       vulnerable_versions: '>=16.0.0 <16.2.5',
1244 silly audit report       cwe: [Array],
1244 silly audit report       cvss: [Object]
1244 silly audit report     },
1244 silly audit report     {
1244 silly audit report       id: 1118953,
1244 silly audit report       url: 'https://github.com/advisories/GHSA-c4j6-fc7j-m34r',
1244 silly audit report       title: 'Next.js vulnerable to server-side request forgery in applications using WebSocket upgrades',
1244 silly audit report       severity: 'high',
1244 silly audit report       vulnerable_versions: '>=16.0.0 <16.2.5',
1244 silly audit report       cwe: [Array],
1244 silly audit report       cvss: [Object]
1244 silly audit report     },
1244 silly audit report     {
1244 silly audit report       id: 1118955,
1244 silly audit report       url: 'https://github.com/advisories/GHSA-492v-c6pp-mqqv',
1244 silly audit report       title: 'Next.js has a Middleware / Proxy bypass through dynamic route parameter injection',
1244 silly audit report       severity: 'high',
1244 silly audit report       vulnerable_versions: '>=16.0.0 <16.2.5',
1244 silly audit report       cwe: [Array],
1244 silly audit report       cvss: [Object]
1244 silly audit report     },
1244 silly audit report     {
1244 silly audit report       id: 1118957,
1244 silly audit report       url: 'https://github.com/advisories/GHSA-wfc6-r584-vfw7',
1244 silly audit report       title: 'Next.js vulnerable to cache poisoning in React Server Component responses',
1244 silly audit report       severity: 'moderate',
1244 silly audit report       vulnerable_versions: '>=16.0.0 <16.2.5',
1244 silly audit report       cwe: [Array],
1244 silly audit report       cvss: [Object]
1244 silly audit report     },
1244 silly audit report     {
1244 silly audit report       id: 1118959,
1244 silly audit report       url: 'https://github.com/advisories/GHSA-267c-6grr-h53f',
1244 silly audit report       title: 'Next.js has a Middleware / Proxy bypass in App Router applications via segment-prefetch routes',
1244 silly audit report       severity: 'high',
1244 silly audit report       vulnerable_versions: '>=16.0.0 <16.2.5',
1244 silly audit report       cwe: [Array],
1244 silly audit report       cvss: [Object]
1244 silly audit report     },
1244 silly audit report     {
1244 silly audit report       id: 1118961,
1244 silly audit report       url: 'https://github.com/advisories/GHSA-36qx-fr4f-26g5',
1244 silly audit report       title: 'Next.js has a Middleware / Proxy bypass in Pages Router applications using i18n',
1244 silly audit report       severity: 'high',
1244 silly audit report       vulnerable_versions: '>=16.0.0 <16.2.5',
1244 silly audit report       cwe: [Array],
1244 silly audit report       cvss: [Object]
1244 silly audit report     },
1244 silly audit report     {
1244 silly audit report       id: 1116375,
1244 silly audit report       url: 'https://github.com/advisories/GHSA-q4gf-8mx6-v5v3',
1244 silly audit report       title: 'Next.js has a Denial of Service with Server Components',
1244 silly audit report       severity: 'high',
1244 silly audit report       vulnerable_versions: '>=16.0.0-beta.0 <16.2.3',
1244 silly audit report       cwe: [Array],
1244 silly audit report       cvss: [Object]
1244 silly audit report     }
1244 silly audit report   ],
1244 silly audit report   postcss: [
1244 silly audit report     {
1244 silly audit report       id: 1117015,
1244 silly audit report       url: 'https://github.com/advisories/GHSA-qx2v-qp2m-jg93',
1244 silly audit report       title: 'PostCSS has XSS via Unescaped </style> in its CSS Stringify Output',
1244 silly audit report       severity: 'moderate',
1244 silly audit report       vulnerable_versions: '<8.5.10',
1244 silly audit report       cwe: [Array],
1244 silly audit report       cvss: [Object]
1244 silly audit report     }
1244 silly audit report   ],
1244 silly audit report   uuid: [
1244 silly audit report     {
1244 silly audit report       id: 1119441,
1244 silly audit report       url: 'https://github.com/advisories/GHSA-w5hq-g745-h8pq',
1244 silly audit report       title: 'uuid: Missing buffer bounds check in v3/v5/v6 when buf is provided',
1244 silly audit report       severity: 'moderate',
1244 silly audit report       vulnerable_versions: '<11.1.1',
1244 silly audit report       cwe: [Array],
1244 silly audit report       cvss: [Object]
1244 silly audit report     }
1244 silly audit report   ]
1244 silly audit report }
1245 silly packumentCache corgi:https://registry.npmjs.org/brace-expansion cache-miss
1246 silly packumentCache corgi:https://registry.npmjs.org/next cache-miss
1247 silly packumentCache corgi:https://registry.npmjs.org/postcss cache-miss
1248 silly packumentCache corgi:https://registry.npmjs.org/uuid cache-miss
1249 http fetch GET 200 https://registry.npmjs.org/hast-util-has-property/-/hast-util-has-property-3.0.0.tgz 151ms (cache miss)
1250 http fetch GET 200 https://registry.npmjs.org/hast-util-from-html/-/hast-util-from-html-2.0.3.tgz 155ms (cache miss)
1251 http fetch GET 200 https://registry.npmjs.org/boolbase/-/boolbase-1.0.0.tgz 156ms (cache miss)
1252 http fetch GET 200 https://registry.npmjs.org/hast-util-from-parse5/-/hast-util-from-parse5-8.0.3.tgz 158ms (cache miss)
1253 http fetch GET 200 https://registry.npmjs.org/bcp-47-match/-/bcp-47-match-2.0.3.tgz 158ms (cache miss)
1254 http fetch GET 200 https://registry.npmjs.org/direction/-/direction-2.0.1.tgz 167ms (cache miss)
1255 http fetch GET 200 https://registry.npmjs.org/rehype-parse/-/rehype-parse-9.0.1.tgz 172ms (cache miss)
1256 http fetch GET 200 https://registry.npmjs.org/hastscript/-/hastscript-9.0.1.tgz 173ms (cache miss)
1257 http fetch GET 200 https://registry.npmjs.org/hast-util-heading-rank/-/hast-util-heading-rank-3.0.0.tgz 174ms (cache miss)
1258 http fetch GET 200 https://registry.npmjs.org/is-decimal/-/is-decimal-2.0.1.tgz 176ms (cache miss)
1259 http fetch GET 200 https://registry.npmjs.org/hast-util-is-element/-/hast-util-is-element-3.0.0.tgz 180ms (cache miss)
1260 http fetch GET 200 https://registry.npmjs.org/is-hexadecimal/-/is-hexadecimal-2.0.1.tgz 186ms (cache miss)
1261 http fetch GET 200 https://registry.npmjs.org/character-reference-invalid/-/character-reference-invalid-2.0.1.tgz 200ms (cache miss)
1262 http fetch GET 200 https://registry.npmjs.org/micromark-factory-label/-/micromark-factory-label-2.0.1.tgz 201ms (cache miss)
1263 http fetch GET 200 https://registry.npmjs.org/micromark-factory-whitespace/-/micromark-factory-whitespace-2.0.1.tgz 203ms (cache miss)
1264 http fetch GET 200 https://registry.npmjs.org/micromark-util-html-tag-name/-/micromark-util-html-tag-name-2.0.1.tgz 206ms (cache miss)
1265 http fetch GET 200 https://registry.npmjs.org/rehype-stringify/-/rehype-stringify-10.0.1.tgz 207ms (cache miss)
1266 http fetch GET 200 https://registry.npmjs.org/is-alphanumerical/-/is-alphanumerical-2.0.1.tgz 209ms (cache miss)
1267 http fetch GET 200 https://registry.npmjs.org/character-entities-legacy/-/character-entities-legacy-3.0.0.tgz 209ms (cache miss)
1268 http fetch GET 200 https://registry.npmjs.org/micromark-factory-destination/-/micromark-factory-destination-2.0.1.tgz 212ms (cache miss)
1269 http fetch GET 200 https://registry.npmjs.org/is-alphabetical/-/is-alphabetical-2.0.1.tgz 212ms (cache miss)
1270 http fetch GET 200 https://registry.npmjs.org/micromark-factory-title/-/micromark-factory-title-2.0.1.tgz 214ms (cache miss)
1271 http fetch GET 200 https://registry.npmjs.org/micromark-util-resolve-all/-/micromark-util-resolve-all-2.0.1.tgz 220ms (cache miss)
1272 http fetch GET 200 https://registry.npmjs.org/micromark-util-character/-/micromark-util-character-2.1.1.tgz 223ms (cache miss)
1273 http fetch GET 200 https://registry.npmjs.org/micromark-util-chunked/-/micromark-util-chunked-2.0.1.tgz 225ms (cache miss)
1274 http fetch GET 200 https://registry.npmjs.org/@types/ms/-/ms-2.1.0.tgz 225ms (cache miss)
1275 http fetch GET 200 https://registry.npmjs.org/micromark-util-combine-extensions/-/micromark-util-combine-extensions-2.0.1.tgz 229ms (cache miss)
1276 http fetch GET 200 https://registry.npmjs.org/micromark-factory-space/-/micromark-factory-space-2.0.1.tgz 233ms (cache miss)
1277 http fetch GET 200 https://registry.npmjs.org/longest-streak/-/longest-streak-3.1.0.tgz 232ms (cache miss)
1278 http fetch GET 200 https://registry.npmjs.org/micromark-util-encode/-/micromark-util-encode-2.0.1.tgz 235ms (cache miss)
1279 http fetch GET 200 https://registry.npmjs.org/trim-lines/-/trim-lines-3.0.1.tgz 237ms (cache miss)
1280 http fetch GET 200 https://registry.npmjs.org/nth-check/-/nth-check-2.1.1.tgz 247ms (cache miss)
1281 http fetch GET 200 https://registry.npmjs.org/mdast-util-phrasing/-/mdast-util-phrasing-4.1.0.tgz 246ms (cache miss)
1282 http fetch GET 200 https://registry.npmjs.org/micromark-util-classify-character/-/micromark-util-classify-character-2.0.1.tgz 248ms (cache miss)
1283 http fetch GET 200 https://registry.npmjs.org/micromark-util-subtokenize/-/micromark-util-subtokenize-2.1.0.tgz 255ms (cache miss)
1284 http fetch GET 200 https://registry.npmjs.org/unist-util-is/-/unist-util-is-6.0.1.tgz 258ms (cache miss)
1285 http fetch GET 200 https://registry.npmjs.org/hast-util-to-html/-/hast-util-to-html-9.0.5.tgz 261ms (cache miss)
1286 http fetch GET 200 https://registry.npmjs.org/@types/debug/-/debug-4.1.13.tgz 259ms (cache miss)
1287 http fetch GET 200 https://registry.npmjs.org/character-entities/-/character-entities-2.0.2.tgz 264ms (cache miss)
1288 http fetch GET 200 https://registry.npmjs.org/@ungap/structured-clone/-/structured-clone-1.3.1.tgz 267ms (cache miss)
1289 http fetch GET 200 https://registry.npmjs.org/micromark-util-normalize-identifier/-/micromark-util-normalize-identifier-2.0.1.tgz 268ms (cache miss)
1290 http fetch GET 200 https://registry.npmjs.org/micromark-util-decode-string/-/micromark-util-decode-string-2.0.1.tgz 267ms (cache miss)
1291 http fetch GET 200 https://registry.npmjs.org/zwitch/-/zwitch-2.0.4.tgz 271ms (cache miss)
1292 http fetch GET 200 https://registry.npmjs.org/micromark-util-sanitize-uri/-/micromark-util-sanitize-uri-2.0.1.tgz 271ms (cache miss)
1293 http fetch GET 200 https://registry.npmjs.org/decode-named-character-reference/-/decode-named-character-reference-1.3.0.tgz 269ms (cache miss)
1294 http fetch GET 200 https://registry.npmjs.org/unist-util-stringify-position/-/unist-util-stringify-position-4.0.0.tgz 275ms (cache miss)
1295 http fetch GET 200 https://registry.npmjs.org/ccount/-/ccount-2.0.1.tgz 275ms (cache miss)
1296 http fetch GET 200 https://registry.npmjs.org/css-selector-parser/-/css-selector-parser-3.3.0.tgz 284ms (cache miss)
1297 http fetch GET 200 https://registry.npmjs.org/micromark-util-decode-numeric-character-reference/-/micromark-util-decode-numeric-character-reference-2.0.2.tgz 278ms (cache miss)
1298 http fetch GET 200 https://registry.npmjs.org/hast-util-select/-/hast-util-select-6.0.4.tgz 283ms (cache miss)
1299 http fetch GET 200 https://registry.npmjs.org/mdast-util-to-string/-/mdast-util-to-string-4.0.0.tgz 287ms (cache miss)
1300 http fetch GET 200 https://registry.npmjs.org/space-separated-tokens/-/space-separated-tokens-2.0.2.tgz 288ms (cache miss)
1301 http fetch GET 200 https://registry.npmjs.org/unist-util-position/-/unist-util-position-5.0.0.tgz 291ms (cache miss)
1302 http fetch GET 200 https://registry.npmjs.org/mdast-util-mdx-jsx/-/mdast-util-mdx-jsx-3.2.0.tgz 295ms (cache miss)
1303 http fetch GET 200 https://registry.npmjs.org/stringify-entities/-/stringify-entities-4.0.4.tgz 299ms (cache miss)
1304 http fetch GET 200 https://registry.npmjs.org/dequal/-/dequal-2.0.3.tgz 295ms (cache miss)
1305 http fetch GET 200 https://registry.npmjs.org/micromark-util-types/-/micromark-util-types-2.0.2.tgz 315ms (cache miss)
1306 http fetch GET 200 https://registry.npmjs.org/estree-util-is-identifier-name/-/estree-util-is-identifier-name-3.0.0.tgz 312ms (cache miss)
1307 http fetch GET 200 https://registry.npmjs.org/mdast-util-mdx-expression/-/mdast-util-mdx-expression-2.0.1.tgz 317ms (cache miss)
1308 http fetch GET 200 https://registry.npmjs.org/hast-util-to-jsx-runtime/-/hast-util-to-jsx-runtime-2.3.6.tgz 320ms (cache miss)
1309 http fetch GET 200 https://registry.npmjs.org/comma-separated-tokens/-/comma-separated-tokens-2.0.3.tgz 321ms (cache miss)
1310 http fetch GET 200 https://registry.npmjs.org/micromark-util-symbol/-/micromark-util-symbol-2.0.1.tgz 324ms (cache miss)
1311 http fetch GET 200 https://registry.npmjs.org/mdast-util-from-markdown/-/mdast-util-from-markdown-2.0.3.tgz 325ms (cache miss)
1312 http fetch GET 200 https://registry.npmjs.org/hast-util-whitespace/-/hast-util-whitespace-3.0.0.tgz 324ms (cache miss)
1313 http fetch GET 200 https://registry.npmjs.org/parse-entities/-/parse-entities-4.0.2.tgz 329ms (cache miss)
1314 http fetch GET 200 https://registry.npmjs.org/html-url-attributes/-/html-url-attributes-3.0.1.tgz 327ms (cache miss)
1315 http fetch GET 200 https://registry.npmjs.org/vfile-message/-/vfile-message-4.0.3.tgz 329ms (cache miss)
1316 http fetch GET 200 https://registry.npmjs.org/mdast-util-mdxjs-esm/-/mdast-util-mdxjs-esm-2.0.1.tgz 330ms (cache miss)
1317 http fetch GET 200 https://registry.npmjs.org/remark-parse/-/remark-parse-11.0.0.tgz 329ms (cache miss)
1318 http fetch GET 200 https://registry.npmjs.org/@types/estree-jsx/-/estree-jsx-1.0.5.tgz 334ms (cache miss)
1319 http fetch GET 200 https://registry.npmjs.org/@types/mdast/-/mdast-4.0.4.tgz 335ms (cache miss)
1320 http fetch GET 200 https://registry.npmjs.org/unist-util-visit/-/unist-util-visit-5.1.0.tgz 337ms (cache miss)
1321 http fetch GET 200 https://registry.npmjs.org/devlop/-/devlop-1.1.0.tgz 340ms (cache miss)
1322 http fetch GET 200 https://registry.npmjs.org/style-to-js/-/style-to-js-1.1.21.tgz 342ms (cache miss)
1323 http fetch GET 200 https://registry.npmjs.org/remark-github-blockquote-alert/-/remark-github-blockquote-alert-1.3.1.tgz 342ms (cache miss)
1324 http fetch GET 200 https://registry.npmjs.org/rehype-slug/-/rehype-slug-6.0.0.tgz 343ms (cache miss)
1325 http fetch GET 200 https://registry.npmjs.org/remark-gfm/-/remark-gfm-4.0.1.tgz 345ms (cache miss)
1326 http fetch GET 200 https://registry.npmjs.org/rehype-ignore/-/rehype-ignore-2.0.3.tgz 345ms (cache miss)
1327 http fetch GET 200 https://registry.npmjs.org/rehype-raw/-/rehype-raw-7.0.0.tgz 344ms (cache miss)
1328 http fetch GET 200 https://registry.npmjs.org/unified/-/unified-11.0.5.tgz 346ms (cache miss)
1329 http fetch GET 200 https://registry.npmjs.org/@types/unist/-/unist-3.0.3.tgz 346ms (cache miss)
1330 http fetch GET 200 https://registry.npmjs.org/@types/prismjs/-/prismjs-1.26.6.tgz 358ms (cache miss)
1331 http fetch GET 200 https://registry.npmjs.org/react-markdown/-/react-markdown-10.1.0.tgz 349ms (cache miss)
1332 http fetch GET 200 https://registry.npmjs.org/rehype-autolink-headings/-/rehype-autolink-headings-7.1.0.tgz 351ms (cache miss)
1333 http fetch GET 200 https://registry.npmjs.org/@types/hast/-/hast-3.0.4.tgz 350ms (cache miss)
1334 http fetch GET 200 https://registry.npmjs.org/rehype-rewrite/-/rehype-rewrite-4.0.4.tgz 352ms (cache miss)
1335 http fetch GET 200 https://registry.npmjs.org/@types/unist/-/unist-2.0.11.tgz 349ms (cache miss)
1336 http fetch GET 200 https://registry.npmjs.org/rehype/-/rehype-13.0.2.tgz 352ms (cache miss)
1337 http fetch GET 200 https://registry.npmjs.org/escape-string-regexp/-/escape-string-regexp-5.0.0.tgz 352ms (cache miss)
1338 http fetch GET 200 https://registry.npmjs.org/parse5/-/parse5-7.3.0.tgz 364ms (cache miss)
1339 http fetch GET 200 https://registry.npmjs.org/brace-expansion 218ms (cache miss)
1340 silly packumentCache corgi:https://registry.npmjs.org/brace-expansion set size:undefined disposed:false
1341 http fetch GET 200 https://registry.npmjs.org/rehype-attr/-/rehype-attr-4.0.2.tgz 356ms (cache miss)
1342 http fetch GET 200 https://registry.npmjs.org/unist-util-visit/-/unist-util-visit-5.0.0.tgz 356ms (cache miss)
1343 http fetch GET 200 https://registry.npmjs.org/remark-rehype/-/remark-rehype-11.1.2.tgz 359ms (cache miss)
1344 http fetch GET 200 https://registry.npmjs.org/rehype-prism-plus/-/rehype-prism-plus-2.0.2.tgz 360ms (cache miss)
1345 http fetch GET 200 https://registry.npmjs.org/uuid 222ms (cache miss)
1346 silly packumentCache corgi:https://registry.npmjs.org/uuid set size:undefined disposed:false
1347 http fetch GET 200 https://registry.npmjs.org/vfile/-/vfile-6.0.3.tgz 363ms (cache miss)
1348 http fetch GET 200 https://registry.npmjs.org/property-information/-/property-information-7.1.0.tgz 378ms (cache miss)
1349 http fetch GET 200 https://registry.npmjs.org/postcss 247ms (cache miss)
1350 silly packumentCache corgi:https://registry.npmjs.org/postcss set size:undefined disposed:false
1351 http fetch GET 200 https://registry.npmjs.org/micromark/-/micromark-4.0.2.tgz 400ms (cache miss)
1352 http fetch GET 200 https://registry.npmjs.org/mdast-util-to-hast/-/mdast-util-to-hast-13.2.1.tgz 407ms (cache miss)
1353 http fetch GET 200 https://registry.npmjs.org/entities/-/entities-6.0.1.tgz 417ms (cache miss)
1354 http fetch GET 200 https://registry.npmjs.org/micromark-core-commonmark/-/micromark-core-commonmark-2.0.3.tgz 418ms (cache miss)
1355 http fetch GET 200 https://registry.npmjs.org/mdast-util-to-markdown/-/mdast-util-to-markdown-2.1.2.tgz 426ms (cache miss)
1356 http fetch GET 200 https://registry.npmjs.org/refractor/-/refractor-5.0.0.tgz 489ms (cache miss)
1357 http fetch GET 200 https://registry.npmjs.org/@uiw/copy-to-clipboard/-/copy-to-clipboard-1.0.21.tgz 517ms (cache miss)
1358 http fetch GET 200 https://registry.npmjs.org/@uiw/react-markdown-preview/-/react-markdown-preview-5.2.1.tgz 588ms (cache miss)
1359 http fetch GET 200 https://registry.npmjs.org/@uiw/react-md-editor/-/react-md-editor-4.1.1.tgz 606ms (cache miss)
1360 http fetch GET 200 https://registry.npmjs.org/next 662ms (cache miss)
1361 silly packumentCache corgi:https://registry.npmjs.org/next set size:undefined disposed:false
1362 silly packumentCache corgi:https://registry.npmjs.org/minimatch cache-miss
1363 http fetch GET 200 https://registry.npmjs.org/minimatch 28ms (cache miss)
1364 silly packumentCache corgi:https://registry.npmjs.org/minimatch set size:undefined disposed:false
1365 silly packumentCache corgi:https://registry.npmjs.org/next-auth cache-miss
1366 http fetch GET 200 https://registry.npmjs.org/next-auth 89ms (cache miss)
1367 silly packumentCache corgi:https://registry.npmjs.org/next-auth set size:undefined disposed:false
1368 silly packumentCache corgi:https://registry.npmjs.org/@tailwindcss%2fpostcss cache-miss
1369 http fetch GET 200 https://registry.npmjs.org/@tailwindcss%2fpostcss 154ms (cache miss)
1370 silly packumentCache corgi:https://registry.npmjs.org/@tailwindcss%2fpostcss set size:undefined disposed:false
1371 silly ADD node_modules/trough
1372 silly ADD node_modules/is-plain-obj
1373 silly ADD node_modules/extend
1374 silly ADD node_modules/bail
1375 silly ADD node_modules/inline-style-parser
1376 silly ADD node_modules/style-to-object
1377 silly ADD node_modules/character-entities-html4
1378 silly ADD node_modules/micromark-extension-gfm-task-list-item
1379 silly ADD node_modules/micromark-extension-gfm-tagfilter
1380 silly ADD node_modules/micromark-extension-gfm-table
1381 silly ADD node_modules/micromark-extension-gfm-strikethrough
1382 silly ADD node_modules/micromark-extension-gfm-footnote
1383 silly ADD node_modules/micromark-extension-gfm-autolink-literal
1384 silly ADD node_modules/markdown-table
1385 silly ADD node_modules/unist-util-visit-parents
1386 silly ADD node_modules/mdast-util-find-and-replace
1387 silly ADD node_modules/mdast-util-find-and-replace/node_modules/escape-string-regexp
1388 silly ADD node_modules/mdast-util-gfm-task-list-item
1389 silly ADD node_modules/mdast-util-gfm-table
1390 silly ADD node_modules/mdast-util-gfm-strikethrough
1391 silly ADD node_modules/mdast-util-gfm-footnote
1392 silly ADD node_modules/mdast-util-gfm-autolink-literal
1393 silly ADD node_modules/remark-stringify
1394 silly ADD node_modules/micromark-extension-gfm
1395 silly ADD node_modules/mdast-util-gfm
1396 silly ADD node_modules/hast-util-to-html
1397 silly ADD node_modules/github-slugger
1398 silly ADD node_modules/html-void-elements
1399 silly ADD node_modules/hast-util-to-parse5
1400 silly ADD node_modules/hast-util-raw
1401 silly ADD node_modules/@types/prismjs
1402 silly ADD node_modules/unist-util-filter
1403 silly ADD node_modules/refractor
1404 silly ADD node_modules/parse-numeric-range
1405 silly ADD node_modules/entities
1406 silly ADD node_modules/hast-util-parse-selector
1407 silly ADD node_modules/web-namespaces
1408 silly ADD node_modules/vfile-location
1409 silly ADD node_modules/hastscript
1410 silly ADD node_modules/parse5
1411 silly ADD node_modules/hast-util-from-parse5
1412 silly ADD node_modules/hast-util-from-html
1413 silly ADD node_modules/boolbase
1414 silly ADD node_modules/nth-check
1415 silly ADD node_modules/hast-util-to-string
1416 silly ADD node_modules/hast-util-has-property
1417 silly ADD node_modules/direction
1418 silly ADD node_modules/css-selector-parser
1419 silly ADD node_modules/bcp-47-match
1420 silly ADD node_modules/hast-util-select
1421 silly ADD node_modules/hast-util-is-element
1422 silly ADD node_modules/hast-util-heading-rank
1423 silly ADD node_modules/rehype-stringify
1424 silly ADD node_modules/rehype-parse
1425 silly ADD node_modules/is-alphabetical
1426 silly ADD node_modules/is-hexadecimal
1427 silly ADD node_modules/is-decimal
1428 silly ADD node_modules/is-alphanumerical
1429 silly ADD node_modules/character-reference-invalid
1430 silly ADD node_modules/character-entities-legacy
1431 silly ADD node_modules/micromark-util-html-tag-name
1432 silly ADD node_modules/micromark-factory-whitespace
1433 silly ADD node_modules/micromark-factory-title
1434 silly ADD node_modules/micromark-factory-label
1435 silly ADD node_modules/micromark-factory-destination
1436 silly ADD node_modules/@types/ms
1437 silly ADD node_modules/micromark-util-subtokenize
1438 silly ADD node_modules/micromark-util-resolve-all
1439 silly ADD node_modules/micromark-util-encode
1440 silly ADD node_modules/micromark-util-combine-extensions
1441 silly ADD node_modules/micromark-util-chunked
1442 silly ADD node_modules/micromark-util-character
1443 silly ADD node_modules/micromark-factory-space
1444 silly ADD node_modules/micromark-core-commonmark
1445 silly ADD node_modules/@types/debug
1446 silly ADD node_modules/unist-util-is
1447 silly ADD node_modules/zwitch
1448 silly ADD node_modules/micromark-util-classify-character
1449 silly ADD node_modules/mdast-util-phrasing
1450 silly ADD node_modules/longest-streak
1451 silly ADD node_modules/trim-lines
1452 silly ADD node_modules/micromark-util-sanitize-uri
1453 silly ADD node_modules/@ungap/structured-clone
1454 silly ADD node_modules/stringify-entities
1455 silly ADD node_modules/parse-entities
1456 silly ADD node_modules/parse-entities/node_modules/@types/unist
1457 silly ADD node_modules/ccount
1458 silly ADD node_modules/character-entities
1459 silly ADD node_modules/unist-util-stringify-position
1460 silly ADD node_modules/micromark-util-types
1461 silly ADD node_modules/micromark-util-symbol
1462 silly ADD node_modules/micromark-util-normalize-identifier
1463 silly ADD node_modules/micromark-util-decode-string
1464 silly ADD node_modules/micromark-util-decode-numeric-character-reference
1465 silly ADD node_modules/micromark
1466 silly ADD node_modules/mdast-util-to-string
1467 silly ADD node_modules/decode-named-character-reference
1468 silly ADD node_modules/mdast-util-to-markdown
1469 silly ADD node_modules/mdast-util-from-markdown
1470 silly ADD node_modules/@types/estree-jsx
1471 silly ADD node_modules/vfile-message
1472 silly ADD node_modules/unist-util-position
1473 silly ADD node_modules/style-to-js
1474 silly ADD node_modules/space-separated-tokens
1475 silly ADD node_modules/property-information
1476 silly ADD node_modules/mdast-util-mdxjs-esm
1477 silly ADD node_modules/mdast-util-mdx-jsx
1478 silly ADD node_modules/mdast-util-mdx-expression
1479 silly ADD node_modules/hast-util-whitespace
1480 silly ADD node_modules/estree-util-is-identifier-name
1481 silly ADD node_modules/comma-separated-tokens
1482 silly ADD node_modules/dequal
1483 silly ADD node_modules/@types/unist
1484 silly ADD node_modules/vfile
1485 silly ADD node_modules/unified
1486 silly ADD node_modules/remark-rehype
1487 silly ADD node_modules/remark-parse
1488 silly ADD node_modules/mdast-util-to-hast
1489 silly ADD node_modules/html-url-attributes
1490 silly ADD node_modules/hast-util-to-jsx-runtime
1491 silly ADD node_modules/devlop
1492 silly ADD node_modules/@types/mdast
1493 silly ADD node_modules/@types/hast
1494 silly ADD node_modules/unist-util-visit
1495 silly ADD node_modules/remark-github-blockquote-alert
1496 silly ADD node_modules/remark-gfm
1497 silly ADD node_modules/rehype-slug
1498 silly ADD node_modules/rehype-rewrite
1499 silly ADD node_modules/rehype-raw
1500 silly ADD node_modules/rehype-ignore
1501 silly ADD node_modules/rehype-autolink-headings
1502 silly ADD node_modules/rehype-attr
1503 silly ADD node_modules/rehype-attr/node_modules/unist-util-visit
1504 silly ADD node_modules/react-markdown
1505 silly ADD node_modules/@uiw/copy-to-clipboard
1506 silly ADD node_modules/rehype-prism-plus
1507 silly ADD node_modules/rehype
1508 silly ADD node_modules/@uiw/react-markdown-preview
1509 silly ADD node_modules/@uiw/react-md-editor
1510 silly ADD
1511 silly ADD
1512 silly ADD
1513 silly ADD
1514 silly ADD
1515 silly ADD
1516 silly ADD
1517 silly ADD
1518 silly ADD
1519 silly ADD
1520 silly ADD
1521 silly ADD
1522 silly ADD
1523 silly ADD
1524 silly ADD
1525 silly ADD
1526 silly ADD
1527 silly ADD
1528 silly ADD
1529 silly ADD
1530 silly ADD
1531 silly ADD
1532 silly ADD
1533 silly ADD
1534 silly ADD
1535 silly ADD
1536 silly ADD
1537 silly ADD
1538 silly ADD
1539 silly ADD
1540 silly ADD
1541 silly ADD
1542 silly ADD
1543 silly ADD
1544 silly ADD
1545 silly ADD
1546 silly ADD
1547 silly ADD
1548 silly ADD
1549 silly ADD
1550 silly ADD
1551 silly ADD
1552 silly ADD
1553 silly ADD
1554 silly ADD
1555 silly ADD
1556 silly ADD
1557 silly ADD
1558 silly ADD
1559 silly ADD
1560 silly ADD
1561 silly ADD
1562 silly ADD
1563 silly ADD
1564 silly ADD
1565 silly ADD
1566 silly ADD
1567 silly ADD
1568 silly ADD
1569 silly ADD
1570 silly ADD
1571 silly ADD
1572 silly ADD
1573 silly ADD
1574 silly ADD
1575 silly ADD
1576 silly ADD
1577 silly ADD
1578 verbose cwd /Users/xodn/Documents/capstoneDesign/capstone-design
1579 verbose os Darwin 25.5.0
1580 verbose node v22.18.0
1581 verbose npm  v10.9.3
1582 notice
1582 notice New [31mmajor[39m version of npm available! [31m10.9.3[39m -> [34m11.15.0[39m
1582 notice Changelog: [34mhttps://github.com/npm/cli/releases/tag/v11.15.0[39m
1582 notice To update run: [4mnpm install -g npm@11.15.0[24m
1582 notice  { force: true, [Symbol(proc-log.meta)]: true }
1583 verbose exit 0
1584 info ok
